"개방자치단체코드","관리번호","인허가일자","인허가취소일자","영업상태코드","영업상태명","상세영업상태코드","상세영업상태명","폐업일자","휴업시작일자","휴업종료일자","전화번호","소재지우편번호","지번주소","도로명주소","도로명우편번호","사업장명","최종수정일자","데이터갱신구분","데이터갱신일자","좌표정보(X)","좌표정보(Y)","문화체육업종명","문화사업자구분명","총층수","주변환경명","제작취급품목내용","시설면적","지상층수","지하층수","건물용도명","통로너비","조명시설조도","노래방실수","청소년실수","비상계단여부","비상구여부","자동환기여부","청소년실여부","특수조명여부","방음시설여부","비디오재생기명","조명시설유무","음향시설여부","편의시설여부","소방시설여부","총게임기수","기존게임업외업종명","제공게임물명","지역구분명"
"3140000","CDFF3242052001000032","2001-09-03","          ","03","폐업","03","폐업","2018-09-27","          ","          ","26049576","          ","서울특별시 양천구 신월동 912-2 2층","서울특별시 양천구 지양로13길 2 (신월동,2층)","08037","가족노래방","2018-09-28 10:48:50","I","2026-03-10 23:06:48","185049.984889702    ","446778.301775311    ","노래연습장업","유통관련업","","","","95.700000000","","","근린생활시설","","","10","7","N","N","N","Y","N","N","","",""," ","","","","",""
"3140000","CDFF3242052001000033","2001-09-10","          ","03","폐업","03","폐업","2007-08-01","          ","          ","26434817","158-861   ","서울특별시 양천구 신정동 1021-3","서울특별시 양천구 은행정로2길 2  (신정동)","     ","부라보노래연습장","2007-08-02 10:40:53","I","2026-03-10 23:06:52","187576.352649303    ","446475.319303981    ","노래연습장업","유통관련업","4","기타","","96.640000000","3","1","근린생활시설","","","","","N","N","N","N","N","N","","",""," ","","","","","일반주거지역"
"3140000","CDFF3242052001000034","2001-09-10","          ","03","폐업","03","폐업","2005-01-03","          ","          ","26087088","158-860   ","서울특별시 양천구 신정동 992-4","서울특별시 양천구 목동로21길 2  (신정동)","     ","우리노래방","2005-01-03 14:55:26","I","2026-03-10 23:06:56","187871.439053585    ","447044.616939136    ","노래연습장업","유통관련업","","","","99.170000000","","","","","","8","2","N","N","N","N","N","N","","",""," ","","","","",""
"3140000","CDFF3242052001000037","2001-10-04","          ","03","폐업","03","폐업","2007-08-10","          ","          ","","158-860   ","서울특별시 양천구 신정동 974-23","서울특별시 양천구 중앙로46길 22  (신정동)","     ","SBS노래연습장","2008-01-10 10:49:06","I","2026-03-10 23:07:13","187070.786802024    ","446673.471009103    ","노래연습장업","유통관련업","","","","95.850000000","","","","","","","","N","N","N","N","N","N","","",""," ","","","","",""
"3140000","CDFF3242052001000038","2001-10-05","          ","03","폐업","03","폐업","2011-05-13","          ","          ","","          ","서울특별시 양천구 신월동 575-1 지하1층","서울특별시 양천구 신월로 170  (신월동,지하1층)","     ","스타노래연습장","2011-05-13 17:00:04","I","2026-03-10 23:07:22","186007.943213494    ","446225.17755519     ","노래연습장업","유통관련업","5","","","128.920000000","4","1","근린생활시설","129","","8","3","N","N","N","Y","N","N","","",""," ","","","","",""
"3140000","CDFF3242052001000039","2001-10-17","          ","03","폐업","03","폐업","2020-07-23","          ","          ","26987233","          ","서울특별시 양천구 신월동 83-6 지층","서울특별시 양천구 가로공원로 155 (신월동,지층)","07906","오디션노래연습장","2020-07-24 18:05:12","I","2026-03-10 23:07:30","185189.161953746    ","448304.465258547    ","노래연습장업","유통관련업","5","주택가주변","","72.000000000","4","1","근린생활시설","","","6","1","N","N","N","Y","N","N","","",""," ","","","","",""
"3140000","CDFF3242052001000040","2001-10-25","          ","03","폐업","03","폐업","2002-09-03","          ","          ","","158-859   ","서울특별시 양천구 신정동 972-6","서울특별시 양천구 신월로 289  (신정동)","     ","코러스노래방","2002-10-22 17:41:01","I","2026-03-10 23:07:38","186928.826903187    ","446591.038133157    ","노래연습장업","유통관련업","","","","0E-9","","","","","","","","","","","","","","","",""," ","","","","",""
"3140000","CDFF3242052001000041","2001-11-06","          ","03","폐업","03","폐업","2006-07-13","          ","          ","26479678","158-819   ","서울특별시 양천구 목동 793-1","서울특별시 양천구 등촌로 26  (목동)","     ","오디션노래연습장","2006-07-13 16:56:07","I","2026-03-10 23:07:45","187920.000309636    ","447790.00708684     ","노래연습장업","유통관련업","","","","94.810000000","","","근린생활시설","","","7","2","N","N","N","N","N","N","","",""," ","","","","",""
"3140000","CDFF3242052018000002","2018-03-30","          ","03","폐업","03","폐업","2024-02-19","          ","          ","","          ","서울특별시 양천구 신월동 447-6","서울특별시 양천구 중앙로53길 70, 지하1층 (신월동)","07931","황실 노래연습장","2024-02-21 10:29:56","I","2026-03-10 23:51:50","185962.333912347    ","446956.563087459    ","노래연습장업","유통관련업","","","","93.300000000","","","","","","5","1","","","","Y","","","","",""," ","","","","",""
"3140000","CDFF3242051993000006","1993-09-06","          ","03","폐업","03","폐업","2023-09-04","          ","          ","","          ","서울특별시 양천구 신월동 951-3 지하1층","서울특별시 양천구 지양로 69 (신월동,지하1층)","08038","순돌이노래연습장","2023-09-04 16:10:01","I","2026-03-10 22:53:44","185232.729744406    ","446620.177350079    ","노래연습장업","유통관련업","","","","132.230000000","","","","","","7","1","N","N","N","Y","N","N","","",""," ","","","","",""
"3140000","CDFF3242051993000007","1993-09-06","          ","03","폐업","03","폐업","2007-12-03","          ","          ","","158-840   ","서울특별시 양천구 신월동 534-23","서울특별시 양천구 월정로 1  (신월동)","     ","청실노래연습장","2008-01-21 12:23:21","I","2026-03-10 22:53:49","186149.278797657    ","446455.915515628    ","노래연습장업","유통관련업","","주택가주변","","66.110000000","","","근린생활시설","","","5","","N","N","N","N","N","N","","",""," ","","","","","주거지역"
"3140000","CDFF3242051993000008","1993-09-09","          ","03","폐업","03","폐업","2007-06-04","          ","          ","26063334","158-827   ","서울특별시 양천구 신월동 115-9","서울특별시 양천구 곰달래로13길 22  (신월동)","     ","뉴월드노래연습장","2008-01-21 11:56:52","I","2026-03-10 22:53:54","185487.395850363    ","447750.605402285    ","노래연습장업","유통관련업","4","","","92.000000000","3","1","","","","10","2","N","N","N","Y","N","N","","",""," ","","","","","주거지역"
"3140000","CDFF3242051993000009","1993-09-09","          ","03","폐업","03","폐업","2025-10-28","          ","          ","26925759","          ","서울특별시 양천구 신월동 544-6 지하1층","서울특별시 양천구 신월로 167 (신월동)","08031","DJ노래연습장","2025-10-28 17:03:29","I","2026-03-10 22:54:00","185959.79896256     ","446265.130633162    ","노래연습장업","유통관련업","","주택가주변","","115.500000000","","","근린생활시설","","","7","1","N","N","N","Y","N","N","","",""," ","","","","","일반주거지역"
"3140000","CDFF3242051993000015","1993-10-06","          ","03","폐업","03","폐업","1999-08-28","          ","          ","","158-855   ","서울특별시 양천구 신정동 812","","     ","터미널노래연습장","2002-10-22 17:41:01","I","2026-03-10 22:54:31","                    ","                    ","노래연습장업","유통관련업","","","","0E-9","","","","","","","","","","","","","","","",""," ","","","","",""
"3140000","CDFF3242051993000017","1993-10-06","          ","03","폐업","03","폐업","2003-02-03","          ","          ","","158-827   ","서울특별시 양천구 신월동 117-29","서울특별시 양천구 곰달래로13길 7  (신월동)","     ","즐거운노래방","2003-02-04 11:25:13","I","2026-03-10 22:54:39","185530.861434366    ","447594.434754971    ","노래연습장업","유통관련업","","","","","","","","","","","","N","N","N","N","N","N","","",""," ","","","","",""
"3140000","CDFF3242051993000018","1993-10-06","          ","03","폐업","03","폐업","2018-11-13","          ","          ","","          ","서울특별시 양천구 목동 796-3 지하1층","서울특별시 양천구 목동중앙서로 16-1  (목동,지하1층)","07966","썬노래연습장","2018-11-13 16:34:17","I","2026-03-10 22:54:43","188069.942789471    ","447816.906284706    ","노래연습장업","유통관련업","4","","","82.250000000","3","1","근린생활시설","","","5","2","N","N","N","Y","N","N","","",""," ","","","","",""
"3140000","CDFF3242051993000021","1993-10-12","          ","03","폐업","03","폐업","2009-09-21","          ","          ","26592128","158-829   ","서울특별시 양천구 신월동 147-3 2층","서울특별시 양천구 남부순환로 354  (신월동,2층)","     ","뉴서울노래연습장","2009-09-23 12:44:02","I","2026-03-10 22:54:59","184748.571712549    ","448142.580280567    ","노래연습장업","유통관련업","","","","148.760000000","","","근린생활시설","","","12","3","N","N","N","Y","N","N","","",""," ","","","","",""
"3140000","CDFF3242051993000022","1993-10-19","          ","03","폐업","03","폐업","2024-12-04","          ","          ","26988521","          ","서울특별시 양천구 신월동 575-30 지하1층","서울특별시 양천구 신월로 176 (신월동,지하1층)","08064","뉴타운노래연습장","2024-12-05 14:46:37","I","2026-03-10 22:55:04","186044.489579314    ","446271.746913627    ","노래연습장업","유통관련업","","","","181.810000000","","","근린생활시설","","","18","2","N","N","N","Y","N","N","","",""," ","","","","",""
"3140000","CDFF3242051993000024","1993-11-11","          ","03","폐업","03","폐업","2002-02-15","          ","          ","","158-849   ","서울특별시 양천구 신정동 127-22","서울특별시 양천구 신목로4길 36  (신정동)","     ","톱 노래연습장","2004-11-12 13:31:28","I","2026-03-10 22:55:15","189013.459527328    ","446531.460599898    ","노래연습장업","유통관련업","","","","","","","근린생활시설","","","","","N","N","N","N","N","N","","",""," ","","","","","주거지역"
"3140000","CDFF3242051993000026","1993-12-02","          ","03","폐업","03","폐업","2020-07-31","          ","          ","26469801","          ","서울특별시 양천구 목동 405-284 3층","서울특별시 양천구 오목로 328 (목동,3층)","08006","월드컵노래연습장","2020-07-31 17:38:23","I","2026-03-10 22:55:26","188773.977275677    ","446921.747035532    ","노래연습장업","유통관련업","7","결혼예식장주변","","165.280000000","5","1","근린생활시설","","","9","9","N","N","N","Y","N","N","","",""," ","","","","",""
"3140000","CDFF3242051993000027","1993-12-02","          ","03","폐업","03","폐업","2007-09-11","          ","          ","","158-856   ","서울특별시 양천구 신정동 894-32","서울특별시 양천구 목동로25길 26  (신정동)","     ","SBS노래연습장","2007-09-12 09:22:06","I","2026-03-10 22:55:30","187669.074783337    ","447346.33140456     ","노래연습장업","유통관련업","","","","130.900000000","","","","","","","7","N","N","N","N","N","N","","",""," ","","","","","주거지역"
"3140000","CDFF3242051993000028","1993-12-02","          ","03","폐업","03","폐업","2004-06-15","          ","          ","","158-860   ","서울특별시 양천구 신정동 977-22","서울특별시 양천구 신월로 311  (신정동)","     ","알프스 노래연습장","2004-06-24 13:47:43","I","2026-03-10 22:55:35","187160.61817453     ","446614.713888602    ","노래연습장업","유통관련업","","","","","","","","","","","","N","N","N","N","N","N","","",""," ","","","","",""
"3140000","CDFF3242051993000031","1993-12-21","          ","03","폐업","03","폐업","1999-08-28","          ","          ","","158-863   ","서울특별시 양천구 신정동 1150-4","서울특별시 양천구 중앙로29길 15-1  (신정동)","     ","차차차노래연습장","2002-10-22 17:41:01","I","2026-03-10 22:55:47","186870.313881703    ","446084.924706894    ","노래연습장업","유통관련업","","","","0E-9","","","","","","","","","","","","","","","",""," ","","","","",""
"3140000","CDFF3242051993000032","1993-12-29","          ","03","폐업","03","폐업","2001-11-15","          ","          ","","158-812   ","서울특별시 양천구 목동 651-9","서울특별시 양천구 등촌로 182  (목동)","     ","앵콜노래연습장","2002-10-22 17:41:01","I","2026-03-10 22:55:52","187809.043999548    ","449287.356431173    ","노래연습장업","유통관련업","","","","0E-9","","","","","","","","","","","","","","","",""," ","","","","",""
"3140000","CDFF3242051993000033","1993-12-29","          ","03","폐업","03","폐업","2020-07-16","          ","          ","26945441","          ","서울특별시 양천구 신월동 55-16 지층","서울특별시 양천구 남부순환로33길 7 (신월동)","07904","피노키오노래연습장","2020-07-21 09:43:54","I","2026-03-10 22:55:57","184740.746613572    ","448418.56612618     ","노래연습장업","유통관련업","","주택가주변","","178.510000000","","","근린생활시설","","","14","10","N","N","N","Y","N","N","","",""," ","","","","","주거지역"
"3140000","CDFF3242051993000034","1993-12-29","          ","03","폐업","03","폐업","1999-08-28","          ","          ","","158-852   ","서울특별시 양천구 신정동 296-16","서울특별시 양천구 신목로7길 5  (신정동)","     ","SBS노래연습장","2002-10-22 17:41:01","I","2026-03-10 22:56:02","188587.553010708    ","446387.908464862    ","노래연습장업","유통관련업","","","","0E-9","","","","","","","","","","","","","","","",""," ","","","","",""
"3140000","CDFF3242051993000035","1993-12-29","          ","03","폐업","03","폐업","2000-09-06","          ","          ","","158-827   ","서울특별시 양천구 신월동 114-19","서울특별시 양천구 곰달래로13길 36  (신월동)","     ","정다운노래연습장","2002-10-22 17:41:01","I","2026-03-10 22:56:07","185428.408074673    ","447872.983398574    ","노래연습장업","유통관련업","","","","0E-9","","","","","","","","","","","","","","","",""," ","","","","",""
"3140000","CDFF3242051993000036","1993-12-29","          ","03","폐업","03","폐업","2004-02-18","          ","          ","","158-808   ","서울특별시 양천구 목동 514-4","서울특별시 양천구 공항대로 626  (목동)","     ","강림노래연습장","2004-11-12 13:28:56","I","2026-03-10 22:56:12","188818.465018245    ","449375.443881482    ","노래연습장업","유통관련업","","","","","","","","","","","","N","N","N","N","N","N","","",""," ","","","","",""
"3140000","CDFF3242051993000038","1993-12-29","          ","03","폐업","03","폐업","2020-08-14","          ","          ","26483842","          ","서울특별시 양천구 목동 527 지하1층","서울특별시 양천구 목동중앙북로14길 1 (목동,지하1층)","07972","코코노래연습장","2020-08-14 16:47:10","I","2026-03-10 22:56:22","188734.31286017     ","449329.723002501    ","노래연습장업","유통관련업","","","","126.940000000","","","근린생활시설","","","6","2","N","N","N","Y","N","N","","",""," ","","","","",""
"3140000","CDFF3242051993000039","1993-12-02","          ","03","폐업","03","폐업","2007-04-16","          ","          ","26025194","158-857   ","서울특별시 양천구 신정동 909-16","서울특별시 양천구 은행정로 69  (신정동)","     ","그랑프리노래연습장","2008-01-21 12:08:36","I","2026-03-10 22:56:27","187453.424236051    ","447095.743191498    ","노래연습장업","유통관련업","","","","82.640000000","","","","","","8","","N","N","N","N","N","N","","",""," ","","","","","주거지역"
"3140000","CDFF3242051994000001","1994-02-02","          ","03","폐업","03","폐업","2000-12-20","          ","          ","","158-842   ","서울특별시 양천구 신월동 601-9","서울특별시 양천구 신월로20길 6-1  (신월동)","     ","네박자 노래연습실","2002-10-22 17:41:01","I","2026-03-10 22:56:30","186184.260581501    ","446361.089498952    ","노래연습장업","유통관련업","","","","0E-9","","","","","","","","","","","","","","","",""," ","","","","",""
"3140000","CDFF3242051994000002","1994-02-02","          ","03","폐업","03","폐업","2000-10-24","          ","          ","","158-811   ","서울특별시 양천구 목동 610-21","서울특별시 양천구 목동중앙북로 25  (목동)","     ","미셀노래방","2002-10-22 17:41:01","I","2026-03-10 22:56:35","188121.050148333    ","449578.343746643    ","노래연습장업","유통관련업","","","","0E-9","","","","","","","","","","","","","","","",""," ","","","","",""
"3140000","CDFF3242051994000003","1994-02-21","          ","03","폐업","03","폐업","1999-08-28","          ","          ","","158-845   ","서울특별시 양천구 신월동 931-2","서울특별시 양천구 지양로7길 2  (신월동)","     ","만남노래연습장","2002-10-22 17:41:01","I","2026-03-10 22:56:39","185185.015813898    ","446659.351565872    ","노래연습장업","유통관련업","","","","0E-9","","","","","","","","","","","","","","","",""," ","","","","",""
"3140000","CDFF3242051994000005","1994-02-23","          ","03","폐업","03","폐업","2000-06-27","          ","          ","","158-864   ","서울특별시 양천구 신정동 1180-21","서울특별시 양천구 중앙로23길 31  (신정동)","     ","영노래연습장","2002-10-22 17:41:01","I","2026-03-10 22:56:47","                    ","                    ","노래연습장업","유통관련업","","","","0E-9","","","","","","","","","","","","","","","",""," ","","","","",""
"3140000","CDFF3242051994000007","1994-03-14","          ","03","폐업","03","폐업","1999-08-28","          ","          ","","158-849   ","서울특별시 양천구 신정동 128-105","서울특별시 양천구 신목로 36  (신정동)","     ","한일노래연습장","2002-10-22 17:41:01","I","2026-03-10 22:56:55","188775.802463919    ","446300.797031525    ","노래연습장업","유통관련업","","","","0E-9","","","","","","","","","","","","","","","",""," ","","","","",""
"3140000","CDFF3242051994000009","1994-03-21","          ","03","폐업","03","폐업","2001-02-03","          ","          ","","158-841   ","서울특별시 양천구 신월동 550-14","서울특별시 양천구 남부순환로79길 19  (신월동)","     ","또또노래연습장","2002-10-22 17:41:01","I","2026-03-10 22:57:04","185959.081979894    ","446128.435221933    ","노래연습장업","유통관련업","","","","0E-9","","","","","","","","","","","","","","","",""," ","","","","",""
"3140000","CDFF3242051994000010","1994-04-01","          ","03","폐업","03","폐업","2000-09-01","          ","          ","","158-841   ","서울특별시 양천구 신월동 557-10","서울특별시 양천구 신월로10길 15  (신월동)","     ","동네방네노래연습장","2002-10-22 17:41:01","I","2026-03-10 22:57:07","                    ","                    ","노래연습장업","유통관련업","","","","0E-9","","","","","","","","","","","","","","","",""," ","","","","",""
"3140000","CDFF3242051994000012","1994-04-26","          ","03","폐업","03","폐업","2010-09-07","          ","          ","26541080","158-808   ","서울특별시 양천구 목동 526-1 지하1층","서울특별시 양천구 목동중앙북로 98  (목동,지하1층)","     ","DJ노래연습장","2010-09-07 17:41:26","I","2026-03-10 22:57:14","188804.043418595    ","449325.069857778    ","노래연습장업","유통관련업","","","","66.000000000","","","","","","6","2","N","N","N","Y","N","N","","",""," ","","","","",""
"3140000","CDFF3242051994000013","1994-04-26","          ","03","폐업","03","폐업","2021-05-11","          ","          ","","          ","서울특별시 양천구 신정동 114-12 지하1층","서울특별시 양천구 신목로 33 (신정동)","08014","씨티노래연습장","2021-05-11 15:02:03","I","2026-03-10 22:57:19","188746.764802262    ","446254.72628016     ","노래연습장업","유통관련업","","","","119.110000000","","","","","","6","3","N","N","N","Y","N","N","","",""," ","","","","",""
"3140000","CDFF3242051994000014","1994-05-02","          ","03","폐업","03","폐업","2007-01-30","          ","          ","26086631","158-856   ","서울특별시 양천구 신정동 886-1","서울특별시 양천구 신정중앙로 77  (신정동)","     ","수나노래연습장","2007-02-07 10:47:21","I","2026-03-10 22:57:23","187587.553792566    ","447206.026219869    ","노래연습장업","유통관련업","","","","132.230000000","","","","","","8","2","N","N","N","N","N","N","","",""," ","","","","",""
"3140000","CDFF3242051994000015","1994-07-06","          ","03","폐업","03","폐업","2001-01-12","          ","          ","","158-845   ","서울특별시 양천구 신월동 933-2","서울특별시 양천구 지양로 87  (신월동)","     ","삼박자 노래연습장","2002-10-22 17:41:01","I","2026-03-10 22:57:29","185104.517731789    ","446744.979167249    ","노래연습장업","유통관련업","","","","0E-9","","","","","","","","","","","","","","","",""," ","","","","",""
"3140000","CDFF3242051994000016","1994-07-06","          ","03","폐업","03","폐업","2001-11-15","          ","          ","","158-819   ","서울특별시 양천구 목동 797-7","서울특별시 양천구 목동중앙서로 28  (목동)","     ","모두랑노래연습장","2002-10-22 17:41:01","I","2026-03-10 22:57:33","188171.601739684    ","447836.218650393    ","노래연습장업","유통관련업","","","","0E-9","","","","","","","","","","","","","","","",""," ","","","","",""
"3140000","CDFF3242051994000017","1994-07-06","          ","03","폐업","03","폐업","2000-11-16","          ","          ","","158-827   ","서울특별시 양천구 신월동 110-4","서울특별시 양천구 곰달래로5길 28-3  (신월동)","     ","백만불노래연습장","2002-10-22 17:41:01","I","2026-03-10 22:57:38","185242.205055542    ","447790.99380038     ","노래연습장업","유통관련업","","","","0E-9","","","","","","","","","","","","","","","",""," ","","","","",""
"3140000","CDFF3242051994000018","1994-07-25","          ","03","폐업","03","폐업","1999-08-28","          ","          ","","158-838   ","서울특별시 양천구 신월동 502-1","서울특별시 양천구 중앙로 293  (신월동)","     ","팡팡노래연습장","2002-10-22 17:41:01","I","2026-03-10 22:57:42","186806.633903536    ","446692.900491333    ","노래연습장업","유통관련업","","","","0E-9","","","","","","","","","","","","","","","",""," ","","","","",""
"3140000","CDFF3242051994000019","1994-08-05","          ","03","폐업","03","폐업","2001-07-30","          ","          ","","158-050   ","서울특별시 양천구 목동 907-4","서울특별시 양천구 목동서로 67  (목동)","     ","앗사 노래방","2002-10-22 17:41:01","I","2026-03-10 22:57:47","189197.506088261    ","448244.523188923    ","노래연습장업","유통관련업","","","","0E-9","","","","","","","","","","","","","","","",""," ","","","","",""
"3140000","CDFF3242051994000021","1994-10-12","          ","03","폐업","03","폐업","2007-10-18","          ","          ","","158-830   ","서울특별시 양천구 신월동 194-26","서울특별시 양천구 남부순환로40길 67  (신월동)","     ","둘리노래연습장","2008-01-21 12:17:36","I","2026-03-10 22:58:00","184579.153873266    ","447850.669968003    ","노래연습장업","유통관련업","","","","92.560000000","","","근린생활시설","","","7","5","N","N","N","Y","N","N","","",""," ","","","","",""
"3140000","CDFF3242051994000022","1994-11-24","          ","03","폐업","03","폐업","2004-12-04","          ","          ","26543767","158-819   ","서울특별시 양천구 목동 797-5","서울특별시 양천구 목동중앙서로 26-1  (목동)","     ","화중선노래연습장","2004-12-04 12:01:21","I","2026-03-10 22:58:06","188157.602006012    ","447833.452927902    ","노래연습장업","유통관련업","","","","112.390000000","","","","","","10","9","N","N","N","N","N","N","","",""," ","","","","",""
"3140000","CDFF3242051994000023","1994-12-09","          ","03","폐업","03","폐업","2001-06-20","          ","          ","","158-825   ","서울특별시 양천구 신월동 86-1","서울특별시 양천구 월정로 213  (신월동)","     ","좋은날노래연습장","2002-10-22 17:41:01","I","2026-03-10 22:58:10","185233.191597169    ","448357.938147537    ","노래연습장업","유통관련업","","","","0E-9","","","","","","","","","","","","","","","",""," ","","","","",""
"3140000","CDFF3242051994000024","1994-12-23","          ","03","폐업","03","폐업","2000-09-29","          ","          ","","158-050   ","서울특별시 양천구 목동 907-4","서울특별시 양천구 목동서로 67  (목동)","     ","에펠노래연습장","2002-10-22 17:41:01","I","2026-03-10 22:58:15","189197.506088261    ","448244.523188923    ","노래연습장업","유통관련업","","","","0E-9","","","","","","","","","","","","","","","",""," ","","","","",""
"3140000","CDFF3242051995000001","1995-02-21","          ","03","폐업","03","폐업","2003-01-07","          ","          ","","158-811   ","서울특별시 양천구 목동 603-4","서울특별시 양천구 공항대로 556  (목동)","     ","영보노래연습장","2004-11-12 14:03:09","I","2026-03-10 22:58:21","188188.738080907    ","449679.651827505    ","노래연습장업","유통관련업","","","","","","","","","","","","N","N","N","N","N","N","","",""," ","","","","",""
"3140000","CDFF3242051995000002","1995-03-09","          ","03","폐업","03","폐업","2013-12-09","          ","          ","26538851","158-862   ","서울특별시 양천구 신정동 1033-1 2층","서울특별시 양천구 중앙로34길 22  (신정동,2층)","     ","금호노래연습장","2013-12-09 16:27:59","I","2026-03-10 22:58:27","                    ","                    ","노래연습장업","유통관련업","","","","198.340000000","","","","","","9","2","N","N","N","Y","N","N","","",""," ","","","","",""
"3140000","CDFF3242051995000003","1995-04-04","          ","03","폐업","03","폐업","2001-03-24","          ","          ","","158-861   ","서울특별시 양천구 신정동 1018-13","서울특별시 양천구 은행정로 20  (신정동)","     ","24시노래연습장","2002-10-22 17:41:01","I","2026-03-10 22:58:33","187543.639736536    ","446593.34598408     ","노래연습장업","유통관련업","","","","0E-9","","","","","","","","","","","","","","","",""," ","","","","",""
"3140000","CDFF3242051995000004","1995-06-17","          ","03","폐업","03","폐업","2016-02-22","          ","          ","26979353","          ","서울특별시 양천구 신정동 971-24 지하1층","서울특별시 양천구 중앙로 296 (신정동,지하1층)","     ","빵빵노래연습장","2016-02-23 11:22:51","I","2026-03-10 22:58:39","186846.233578829    ","446729.099725462    ","노래연습장업","유통관련업","","","","99.170000000","","","","","","5","1","N","N","N","Y","N","N","","",""," ","","","","",""
"3140000","CDFF3242051995000005","1995-06-17","          ","03","폐업","03","폐업","2010-10-21","          ","          ","26908550","158-864   ","서울특별시 양천구 신정동 1182-9 지하1층","","     ","커플노래연습장","2010-10-21 16:28:13","I","2026-03-10 22:58:46","186976.545656613    ","446215.954571776    ","노래연습장업","유통관련업","","","","123.960000000","","","","","","9","","N","N","N","","N","N","","",""," ","","","","",""
"3140000","CDFF3242051996000002","1996-06-04","          ","03","폐업","03","폐업","2001-11-15","          ","          ","","158-806   ","서울특별시 양천구 목동 405-16","서울특별시 양천구 오목로56길 2  (목동)","     ","신천지노래연습장","2002-10-22 17:41:01","I","2026-03-10 22:59:10","188772.839317175    ","446886.095776699    ","노래연습장업","유통관련업","","","","0E-9","","","","","","","","","","","","","","","",""," ","","","","",""
"3140000","CDFF3242051996000003","1996-09-11","          ","03","폐업","03","폐업","2005-11-25","          ","          ","26033090","158-858   ","서울특별시 양천구 신정동 922-3","서울특별시 양천구 오목로 149  (신정동)","     ","스타노래연습장","2005-11-25 16:25:30","I","2026-03-10 22:59:13","187017.215309788    ","446972.62828268     ","노래연습장업","유통관련업","","","","122.310000000","","","","","","7","2","N","N","N","N","N","N","","",""," ","","","","",""
"3140000","CDFF3242051996000004","1996-09-11","          ","03","폐업","03","폐업","2000-03-30","          ","          ","","158-828   ","서울특별시 양천구 신월동 133-15","서울특별시 양천구 남부순환로61길 15  (신월동)","     ","샛별노래연습장","2002-10-22 17:41:01","I","2026-03-10 22:59:19","185197.173487953    ","447704.06366763     ","노래연습장업","유통관련업","","","","0E-9","","","","","","","","","","","","","","","",""," ","","","","",""
"3140000","CDFF3242051996000006","1996-11-26","          ","03","폐업","03","폐업","2021-01-15","          ","          ","26497878","          ","서울특별시 양천구 신정동 323-16 지하1층","서울특별시 양천구 목동동로 63 (신정동,지하1층)","08093","도레미노래연습장","2021-01-18 08:49:54","I","2026-03-10 22:59:29","187758.0753401      ","445907.064446739    ","노래연습장업","유통관련업","","","","107.760000000","","","근린생활시설","","","6","2","N","N","N","Y","N","N","","",""," ","","","","","주거지역"
"3140000","CDFF3242051997000002","1997-03-24","          ","03","폐업","03","폐업","2002-01-23","          ","          ","","158-864   ","서울특별시 양천구 신정동 1183-11","서울특별시 양천구 중앙로 257  (신정동)","     ","모닝아트노래엽습장","2002-10-22 17:41:01","I","2026-03-10 22:59:43","186934.383878263    ","446350.404211595    ","노래연습장업","유통관련업","","","","0E-9","","","","","","","","","","","","","","","",""," ","","","","",""
"3140000","CDFF3242051997000003","1997-03-31","          ","03","폐업","03","폐업","2018-12-05","          ","          ","26542653","          ","서울특별시 양천구 목동 618-11 지하1층","서울특별시 양천구 목동중앙북로8길 12 (목동,지하1층)","07950","신세대노래연습장","2018-12-07 17:47:09","I","2026-03-10 22:59:48","188106.452383043    ","449520.474809705    ","노래연습장업","유통관련업","","","","120.990000000","","","","","","11","11","N","N","N","Y","N","N","","",""," ","","","","",""
"3140000","CDFF3242051997000004","1997-04-18","          ","03","폐업","03","폐업","2000-12-04","          ","          ","","158-842   ","서울특별시 양천구 신월동 591-1","서울특별시 양천구 중앙로29길 55  (신월동)","     ","신안노래연습장","2002-10-22 17:41:01","I","2026-03-10 22:59:52","186443.256011545    ","446043.758276544    ","노래연습장업","유통관련업","","","","0E-9","","","","","","","","","","","","","","","",""," ","","","","",""
"3140000","CDFF3242051997000005","1997-04-26","          ","03","폐업","03","폐업","2014-10-06","          ","          ","26536248","          ","서울특별시 양천구 목동 602-15 1층","서울특별시 양천구 목동중앙북로7길 20  (목동,1층)","     ","테크노노래연습장","2014-10-06 13:05:33","I","2026-03-10 22:59:57","188230.136454619    ","449617.547677361    ","노래연습장업","유통관련업","","","","136.850000000","","","","","","8","3","N","N","N","Y","N","N","","",""," ","","","","",""
"3140000","CDFF3242051997000009","1997-12-01","          ","03","폐업","03","폐업","2010-02-10","          ","          ","26993431","          ","서울특별시 양천구 신정동 1183-14 지하1층","서울특별시 양천구 중앙로 253  (신정동,지하1층)","     ","웃찾사노래연습장","2010-02-10 17:08:18","I","2026-03-10 23:00:12","186943.28186023     ","446311.109320231    ","노래연습장업","유통관련업","","","","148.760000000","","","","","","13","13","N","N","N","Y","N","N","","",""," ","","","","",""
"3140000","CDFF3242051997000010","1997-12-03","          ","03","폐업","03","폐업","2000-05-10","          ","          ","","158-861   ","서울특별시 양천구 신정동 1026-18","서울특별시 양천구 신월로36길 3  (신정동)","     ","열린노래연습장","2002-10-22 17:41:01","I","2026-03-10 23:00:17","187418.078880374    ","446577.596482471    ","노래연습장업","유통관련업","","","","0E-9","","","","","","","","","","","","","","","",""," ","","","","",""
"3140000","CDFF3242051998000001","1998-01-17","          ","03","폐업","03","폐업","2008-11-25","          ","          ","26470490","158-849   ","서울특별시 양천구 신정동 119-38","서울특별시 양천구 신목로4길 43-1  (신정동)","     ","파티파티노래연습장","2008-11-25 17:03:27","I","2026-03-10 23:00:24","189048.390462766    ","446622.842731079    ","노래연습장업","유통관련업","","","","106.320000000","","","","","","7","4","N","N","N","Y","N","N","","",""," ","","","","",""
"3140000","CDFF3242051998000004","1998-03-13","          ","03","폐업","03","폐업","2001-04-09","          ","          ","","158-840   ","서울특별시 양천구 신월동 537-8","서울특별시 양천구 신월로 175  (신월동)","     ","25시노래연습장","2002-10-22 17:41:01","I","2026-03-10 23:00:34","186009.348428578    ","446302.275471851    ","노래연습장업","유통관련업","","","","0E-9","","","","","","","","","","","","","","","",""," ","","","","",""
"3140000","CDFF3242051998000006","1998-08-11","          ","03","폐업","03","폐업","2000-05-10","          ","          ","","158-860   ","서울특별시 양천구 신정동 977-16","서울특별시 양천구 신월로 321  (신정동)","     ","승리노래연습장","2002-10-22 17:41:01","I","2026-03-10 23:00:39","187244.552928692    ","446626.599997855    ","노래연습장업","유통관련업","","","","0E-9","","","","","","","","","","","","","","","",""," ","","","","",""
"3140000","CDFF3242051998000008","1998-09-22","          ","03","폐업","03","폐업","2001-09-07","          ","          ","","158-803   ","서울특별시 양천구 목동 262-24","","     ","아로마노래방","2002-10-22 17:41:01","I","2026-03-10 23:00:45","                    ","                    ","노래연습장업","유통관련업","","","","0E-9","","","","","","","","","","","","","","","",""," ","","","","",""
"3140000","CDFF3242051998000010","1998-12-31","          ","03","폐업","03","폐업","2003-06-30","          ","          ","","158-806   ","서울특별시 양천구 목동 406-34","서울특별시 양천구 오목로 339  (목동)","     ","우방노래연습장","2003-06-30 09:58:16","I","2026-03-10 23:00:52","188907.562663679    ","446953.513912411    ","노래연습장업","유통관련업","","","","","","","","","","","","N","N","N","N","N","N","","",""," ","","","","",""
"3140000","CDFF3242051999000001","1999-01-05","          ","03","폐업","03","폐업","1999-09-22","          ","          ","","158-861   ","서울특별시 양천구 신정동 1029-14","서울특별시 양천구 신월로 310  (신정동)","     ","코코노래연습장","2002-10-22 17:41:01","I","2026-03-10 23:00:59","187147.122565712    ","446555.544194408    ","노래연습장업","유통관련업","","","","0E-9","","","","","","","","","","","","","","","",""," ","","","","",""
"3140000","CDFF3242051999000003","1999-01-08","          ","03","폐업","03","폐업","2001-02-05","          ","          ","","158-838   ","서울특별시 양천구 신월동 501-10","서울특별시 양천구 신월로 263  (신월동)","     ","사이판노래연습장","2002-10-22 17:41:01","I","2026-03-10 23:01:08","186764.573882264    ","446714.543550903    ","노래연습장업","유통관련업","","","","0E-9","","","","","","","","","","","","","","","",""," ","","","","",""
"3140000","CDFF3242051999000004","1999-02-06","          ","03","폐업","03","폐업","2008-10-31","          ","          ","","158-864   ","서울특별시 양천구 신정동 1183-7","서울특별시 양천구 중앙로 263  (신정동)","     ","은하노래연습장","2008-11-13 13:14:13","I","2026-03-10 23:01:13","186911.978387526    ","446400.67233146     ","노래연습장업","유통관련업","","","","188.100000000","","","","","","12","6","N","N","N","Y","N","N","","",""," ","","","","",""
"3140000","CDFF3242051999000005","1999-03-20","          ","03","폐업","03","폐업","2021-04-28","          ","          ","","          ","서울특별시 양천구 신정동 1021-9","서울특별시 양천구 중앙로32길 61 (신정동)","08087","짱노래연습장","2021-04-28 17:15:46","I","2026-03-10 23:01:17","187587.063452976    ","446444.996171878    ","노래연습장업","유통관련업","","","","86.920000000","","","","","","6","2","N","N","N","Y","N","N","","",""," ","","","","",""
"3140000","CDFF3242051999000007","1999-06-08","          ","03","폐업","03","폐업","2003-12-31","          ","          ","26960433","158-828   ","서울특별시 양천구 신월동 132-22","서울특별시 양천구 곰달래로1길 26  (신월동)","     ","토토노래방","2004-11-15 14:05:24","I","2026-03-10 23:01:24","185100.646353016    ","447749.617476781    ","노래연습장업","유통관련업","","","","115.500000000","","","근린생활시설","","","7","2","N","N","N","N","N","N","","",""," ","","","","","주거지역"
"3140000","CDFF3242051999000008","1999-07-01","          ","03","폐업","03","폐업","2000-05-19","          ","          ","","158-861   ","서울특별시 양천구 신정동 1030-6","서울특별시 양천구 중앙로34길 30  (신정동)","     ","킹노래방","2002-10-22 17:41:01","I","2026-03-10 23:01:27","186996.961808924    ","446523.819291213    ","노래연습장업","유통관련업","","기타","","0E-9","","","근린생활시설","","","","","","","","","","","","",""," ","","","","",""
"3140000","CDFF3242051999000009","1999-08-02","          ","03","폐업","03","폐업","2005-05-13","          ","          ","26014673","158-840   ","서울특별시 양천구 신월동 544-4 3층","서울특별시 양천구 신월로15길 1  (신월동,3층)","     ","만남노래연습장","2005-06-29 13:53:55","I","2026-03-10 23:01:30","185952.141787723    ","446293.944517244    ","노래연습장업","유통관련업","","기타","","98.200000000","","","근린생활시설","","","7","2","N","N","N","N","N","N","","",""," ","","","","","주거지역"
"3140000","CDFF3242051999000010","1999-08-30","          ","03","폐업","03","폐업","2021-06-29","          ","          ","","          ","서울특별시 양천구 신정동 907-1","서울특별시 양천구 은행정로 70 (신정동)","07945","둥지노래연습장","2021-06-29 14:04:22","I","2026-03-10 23:01:35","187478.987511064    ","447075.989084017    ","노래연습장업","유통관련업","","","","74.380000000","","","근린생활시설","","","4","0","N","N","N","","N","N","","",""," ","","","","","주거지역"
"3140000","CDFF3242051999000013","1999-09-30","          ","03","폐업","03","폐업","2001-11-15","          ","          ","","158-819   ","서울특별시 양천구 목동 792-2","서울특별시 양천구 등촌로 36  (목동)","     ","메기노래방","2002-10-22 17:41:01","I","2026-03-10 23:01:45","187909.234777908    ","447892.939428942    ","노래연습장업","유통관련업","","","","0E-9","","","근린생활시설","","","","","","","","","","","","",""," ","","","","",""
"3140000","CDFF3242051999000015","1999-10-12","          ","03","폐업","03","폐업","2023-03-06","          ","          ","26940561","          ","서울특별시 양천구 신월동 492-22 지층","서울특별시 양천구 오목로 77 (신월동,지층)","07935","아하노래연습장","2023-03-06 13:28:20","I","2026-03-10 23:01:52","186324.124478828    ","446777.841817288    ","노래연습장업","유통관련업","","","","98.470000000","","","","","","10","6","N","N","N","Y","N","N","","",""," ","","","","",""
"3140000","CDFF3242051999000016","1999-10-28","          ","03","폐업","03","폐업","2017-12-29","          ","          ","","          ","서울특별시 양천구 목동 723-18 지하1층","서울특별시 양천구 목동중앙남로11길 15 (목동)","07958","파티파티노래연습장","2017-12-29 15:51:09","I","2026-03-10 23:01:56","188003.258057958    ","448550.326203496    ","노래연습장업","유통관련업","4","주택가주변","","143.200000000","4","1","근린생활시설","","","7","3","N","N","N","Y","N","N","","",""," ","","","","","주거지역"
"3140000","CDFF3242051999000017","1999-11-08","          ","03","폐업","03","폐업","2013-02-05","          ","          ","","          ","서울특별시 양천구 신정동 1030-4 지하1층","서울특별시 양천구 신월로 296 (신정동)","     ","싱싱노래연습장","2013-02-05 17:12:58","I","2026-03-10 23:02:00","187005.486781929    ","446543.405405945    ","노래연습장업","유통관련업","2","","","82.310000000","2","1","근린생활시설","","","4","1","N","N","N","Y","N","N","","",""," ","","","","","주거지역"
"3140000","CDFF3242051999000019","1999-11-27","          ","03","폐업","03","폐업","2017-02-01","          ","          ","","          ","서울특별시 양천구 목동 907-6 2층","서울특별시 양천구 목동서로 63  (목동,2층)","07983","킹노래연습장","2017-02-01 14:58:54","I","2026-03-10 23:02:10","189251.065          ","448235.35           ","노래연습장업","유통관련업","6","","","221.480000000","6","1","근린생활시설","","","12","11","N","N","N","Y","N","N","","",""," ","","","","","주거지역"
"3140000","CDFF3242051999000020","1999-12-17","          ","03","폐업","03","폐업","2008-01-30","          ","          ","","158-050   ","서울특별시 양천구 목동 907 현대월드타워 B103","서울특별시 양천구 목동서로 77  (목동,현대월드타워 B103)","     ","목동노래연습실","2008-01-30 10:11:58","I","2026-03-10 23:02:14","189151.208015925    ","448200.067716589    ","노래연습장업","유통관련업","30","기타","","","24","6","근린생활시설","","","10","2","N","N","N","N","N","N","","",""," ","","","","",""
"3140000","CDFF3242052000000002","2000-03-24","          ","03","폐업","03","폐업","2013-11-11","          ","          ","","          ","서울특별시 양천구 목동 214-3","서울특별시 양천구 목동중앙로 103  (목동)","     ","엄청난노래연습장","2013-11-11 16:45:43","I","2026-03-10 23:02:23","188702.626109691    ","448433.537291146    ","노래연습장업","유통관련업","","","","65.800000000","","","","","","4","1","N","N","N","Y","N","N","","",""," ","","","","",""
"3140000","CDFF3242052000000003","2000-06-12","          ","03","폐업","03","폐업","2005-03-24","          ","          ","26451080","158-050   ","서울특별시 양천구 목동 905-22 트윈빌 지하1층","서울특별시 양천구 목동동로 339  (목동,트윈빌 지하1층)","     ","청정바다수산노래연습장","2005-03-24 13:28:41","I","2026-03-10 23:02:28","189042.496526196    ","447777.835760268    ","노래연습장업","유통관련업","30","","","230.000000000","","1","근린생활시설","","","11","","N","N","N","N","N","N","","",""," ","","","","","주거지역"
"3140000","CDFF3242052000000004","2000-07-05","          ","03","폐업","03","폐업","2007-01-22","          ","          ","","          ","서울특별시 양천구 목동 808-7","서울특별시 양천구 목동로 218  (목동)","     ","스카이노래연습장","2012-04-30 09:05:42","I","2026-03-10 23:02:32","187948.538264517    ","447308.27945586     ","노래연습장업","유통관련업","5","아파트지역","","156.600000000","4","1","근린생활시설","","","7","5","N","N","N","","N","N","","",""," ","","","","",""
"3140000","CDFF3242052001000001","2001-01-04","          ","03","폐업","03","폐업","2013-08-13","          ","          ","","          ","서울특별시 양천구 목동 788-11 지하1층","서울특별시 양천구 목동중앙서로7가길 32 (목동)","     ","또와노래연습장","2013-08-13 17:12:03","I","2026-03-10 23:03:04","187939.726779467    ","447938.794187113    ","노래연습장업","유통관련업","4","","","82.640000000","3","1","근린생활시설","","","7","3","N","N","N","Y","N","N","","",""," ","","","","",""
"3140000","CDFF3242052001000002","2001-01-08","          ","03","폐업","03","폐업","2001-02-02","          ","          ","","158-860   ","서울특별시 양천구 신정동 977-16","서울특별시 양천구 신월로 321  (신정동)","     ","승리노래방","2002-10-22 17:41:01","I","2026-03-10 23:03:10","187244.552928692    ","446626.599997855    ","노래연습장업","유통관련업","","","","0E-9","","","근린생활시설","","","","","","","","","","","","",""," ","","","","",""
"3140000","CDFF3242052001000003","2001-01-14","          ","03","폐업","03","폐업","2025-04-08","          ","          ","","          ","서울특별시 양천구 신정동 943-28 지하1층","서울특별시 양천구 중앙로 308 (신정동,지하1층)","08019","신정노래연습장","2025-04-09 17:21:26","I","2026-03-10 23:03:16","186798.845          ","446825.965          ","노래연습장업","유통관련업","","","","99.170000000","","","","","","8","","N","N","Y","","N","N","","",""," ","","","","",""
"3140000","CDFF3242052001000004","2001-01-15","          ","03","폐업","03","폐업","2002-01-31","          ","          ","","158-845   ","서울특별시 양천구 신월동 933-2","서울특별시 양천구 지양로 87  (신월동)","     ","삼박자노래연습장","2002-10-22 17:41:01","I","2026-03-10 23:03:22","185104.517731789    ","446744.979167249    ","노래연습장업","유통관련업","","","","0E-9","","","","","","","","","","","","","","","",""," ","","","","",""
"3140000","CDFF3242052001000005","2001-02-02","          ","03","폐업","03","폐업","2002-11-06","          ","          ","","158-860   ","서울특별시 양천구 신정동 977-16 19통2반","서울특별시 양천구 신월로 321  (신정동)","     ","승리노래방","2002-11-11 09:01:11","I","2026-03-10 23:03:29","187244.552928692    ","446626.599997855    ","노래연습장업","유통관련업","4","기타","","","3","1","근린생활시설","","","","","N","N","N","N","N","N","","",""," ","","","","",""
"3140000","CDFF3242052001000008","2001-03-12","          ","03","폐업","03","폐업","2002-01-03","          ","          ","","158-862   ","서울특별시 양천구 신정동 1048-20","서울특별시 양천구 중앙로32길 43  (신정동)","     ","LG노래방","2002-10-22 17:41:01","I","2026-03-10 23:03:49","187416.774420121    ","446381.914379956    ","노래연습장업","유통관련업","","","","0E-9","","","","","","","","","","","","","","","",""," ","","","","",""
"3140000","CDFF3242052001000009","2001-03-20","          ","03","폐업","03","폐업","2006-04-24","          ","          ","","158-860   ","서울특별시 양천구 신정동 1009-3","서울특별시 양천구 목동로9길 7  (신정동)","     ","팡팡노래방","2006-04-24 14:30:08","I","2026-03-10 23:03:58","187890.910893065    ","446741.027247484    ","노래연습장업","유통관련업","","","","108.730000000","","","","","","7","2","N","N","N","N","N","N","","",""," ","","","","",""
"3140000","CDFF3242052001000010","2001-04-03","          ","03","폐업","03","폐업","2017-12-12","          ","          ","","          ","서울특별시 양천구 목동 799-4 지하1층","서울특별시 양천구 목동중앙서로 42-2 (목동,지하1층)","07967","신세계노래연습장","2017-12-12 13:54:31","I","2026-03-10 23:04:11","188325.142049658    ","447857.389226357    ","노래연습장업","유통관련업","4","기타","","129.330000000","4","1","근린생활시설","","","7","5","N","N","N","Y","N","N","","",""," ","","","","","주거지역"
"3140000","CDFF3242052001000011","2001-04-03","          ","03","폐업","03","폐업","2020-03-26","          ","          ","26511645","          ","서울특별시 양천구 신정동 1035-17 지하1층","서울특별시 양천구 단지중앙3길 34 (신정동,지하1층)","     ","햇님노래연습장","2020-04-23 16:57:50","I","2026-03-10 23:04:20","                    ","                    ","노래연습장업","유통관련업","","","","85.280000000","","","","","","7","6","N","N","N","Y","N","N","","",""," ","","","","",""
"3140000","CDFF3242052001000012","2001-04-11","          ","03","폐업","03","폐업","2007-05-23","          ","          ","26903140","158-864   ","서울특별시 양천구 신정동 1190-2","서울특별시 양천구 신월로 282  (신정동)","     ","타임노래연습장","2007-05-25 10:37:39","I","2026-03-10 23:04:29","186859.110927337    ","446544.827397374    ","노래연습장업","유통관련업","","","","99.250000000","","","","","","7","1","N","N","N","N","N","N","","",""," ","","","","",""
"3140000","CDFF3242052001000013","2001-04-12","          ","03","폐업","03","폐업","2021-01-19","          ","          ","26052714","          ","서울특별시 양천구 신월동 981-3 2층","서울특별시 양천구 신월로 121 (신월동,2층)","08044","꽃나비노래연습장","2021-01-19 17:22:40","I","2026-03-10 23:04:36","185548.843534123    ","446063.625114255    ","노래연습장업","유통관련업","","","","115.700000000","","","","","","5","1","N","N","N","Y","N","N","","",""," ","","","","",""
"3140000","CDFF3242052001000014","2001-04-26","          ","03","폐업","03","폐업","2010-01-29","          ","          ","26940909","          ","서울특별시 양천구 신월동 510-1 해풍빌딩2층","서울특별시 양천구 오목로 58  (신월동,해풍빌딩2층)","     ","용가리노래방양천점","2010-01-29 12:58:30","I","2026-03-10 23:04:44","186148.086395033    ","446679.296890975    ","노래연습장업","유통관련업","","","","342.490000000","","","","","","8","3","N","N","N","Y","N","N","","",""," ","","","","",""
"3140000","CDFF3242052001000017","2001-05-17","          ","03","폐업","03","폐업","2001-06-18","          ","          ","","158-857   ","서울특별시 양천구 신정동 900-13","서울특별시 양천구 신정중앙로 107  (신정동)","     ","로데오노래방","2002-10-22 17:41:01","I","2026-03-10 23:05:08","187882.102803429    ","447144.434145827    ","노래연습장업","유통관련업","4","","","0E-9","3","1","근린생활시설","","","","","","","","","","","","",""," ","","","","",""
"3140000","CDFF3242052001000020","2001-05-26","          ","03","폐업","03","폐업","2021-09-02","          ","          ","","          ","서울특별시 양천구 신정동 119-11 지하1층","서울특별시 양천구 목동동로12길 46 (신정동)","08009","코러스노래연습장","2021-09-02 18:28:28","I","2026-03-10 23:05:37","188989.220938317    ","446684.061093272    ","노래연습장업","유통관련업","","","","138.840000000","","","","","","6","2","N","N","N","Y","N","N","","",""," ","","","","",""
"3140000","CDFF3242052001000021","2001-06-08","          ","03","폐업","03","폐업","2006-06-30","          ","          ","26020681","158-857   ","서울특별시 양천구 신정동 902-11","서울특별시 양천구 오목로 231  (신정동)","     ","SBS노래연습장","2007-11-01 11:38:38","I","2026-03-10 23:05:43","187825.424052159    ","447104.600254739    ","노래연습장업","유통관련업","","","","115.700000000","","","","","","7","3","N","N","N","Y","N","N","","",""," ","","","","",""
"3140000","CDFF3242052001000022","2001-06-19","          ","03","폐업","03","폐업","2025-05-28","          ","          ","","          ","서울특별시 양천구 신정동 900-13 2층","서울특별시 양천구 신정중앙로 107 (신정동)","07938","로데오노래방","2025-05-29 13:51:34","I","2026-03-10 23:05:52","187882.102803429    ","447144.434145827    ","노래연습장업","유통관련업","4","기타","","108.900000000","3","1","근린생활시설","","","8","2","N","N","N","Y","N","N","","",""," ","","","","",""
"3140000","CDFF3242052001000027","2001-07-11","          ","03","폐업","03","폐업","2007-04-10","          ","          ","26931441","158-824   ","서울특별시 양천구 신월동 51-6","서울특별시 양천구 화곡로4길 32  (신월동)","     ","24시노래방","2007-04-12 10:41:11","I","2026-03-10 23:06:25","184769.91352489     ","448285.067780211    ","노래연습장업","유통관련업","","","","163.630000000","","","","","","11","2","N","N","N","N","N","N","","",""," ","","","","",""
"3140000","CDFF3242052001000028","2001-07-27","          ","03","폐업","03","폐업","2001-09-24","          ","          ","","158-811   ","서울특별시 양천구 목동 612-1","서울특별시 양천구 목동중앙북로7가길 53  (목동)","     ","KBS노래방","2002-10-22 17:41:01","I","2026-03-10 23:06:30","187982.706132445    ","449719.212864443    ","노래연습장업","유통관련업","","주택가주변","","0E-9","","","근린생활시설","","","","","","","","","","","","",""," ","","","","",""
"3140000","CDFF3242052001000029","2001-08-03","          ","03","폐업","03","폐업","2006-02-28","          ","          ","","158-811   ","서울특별시 양천구 목동 609-21","서울특별시 양천구 목동중앙북로7가길 4  (목동)","     ","카네기노래방","2006-02-27 16:21:45","I","2026-03-10 23:06:34","188182.208069932    ","449605.333181799    ","노래연습장업","유통관련업","5","주택가주변","","109.090000000","4","1","근린생활시설","","","9","3","N","N","N","N","N","N","","",""," ","","","","",""
"3140000","CDFF3242052001000031","2001-09-03","          ","03","폐업","03","폐업","2006-10-31","          ","          ","26425714","158-811   ","서울특별시 양천구 목동 614-1","서울특별시 양천구 목동중앙북로 4  (목동)","     ","캐피탈노래연습장","2006-11-13 09:29:32","I","2026-03-10 23:06:43","187905.367262346    ","449596.162199226    ","노래연습장업","유통관련업","","주택가주변","","76.030000000","","","근린생활시설","","","","","N","N","N","N","N","N","","",""," ","","","","",""
"3140000","CDFF3242051990000001","1990-07-06","          ","03","폐업","03","폐업","2018-10-18","          ","          ","","          ","서울특별시 양천구 신정동 1148-9 지하1층","서울특별시 양천구 중앙로 233 (신정동, 지하1층)","08077","M노래연습장","2018-10-22 09:53:00","I","2026-03-10 22:52:42","187006.451761718    ","446121.246509433    ","노래연습장업","유통관련업","","","","119.000000000","","","","","","13","3","N","N","N","Y","N","N","","",""," ","","","","",""
"3140000","CDFF3242052001000042","2001-11-24","          ","03","폐업","03","폐업","2014-10-01","          ","          ","26918668","          ","서울특별시 양천구 신정동 993-3 지하1층","서울특별시 양천구 목동로21길 1  (신정동,지하1층)","     ","빵빵노래방","2014-10-02 08:00:46","I","2026-03-10 23:07:51","187875.721587406    ","447024.744342964    ","노래연습장업","유통관련업","","","","76.690000000","","","","","","6","","N","N","N","","N","N","","",""," ","","","","",""
"3140000","CDFF3242052001000045","2001-12-24","          ","03","폐업","03","폐업","2003-12-31","          ","          ","","158-838   ","서울특별시 양천구 신월동 501-11","서울특별시 양천구 신월로 267  (신월동)","     ","딱이야 노래연습장","2004-11-15 14:10:27","I","2026-03-10 23:08:12","186785.639413223    ","446697.317127131    ","노래연습장업","유통관련업","","","","","","","근린생활시설","","","","","N","N","N","N","N","N","","",""," ","","","","","주거지역"
"3140000","CDFF3242052001000046","2001-12-28","          ","03","폐업","03","폐업","2020-02-13","          ","          ","26926412","          ","서울특별시 양천구 신정동 971-15 2층","서울특별시 양천구 중앙로 290 (신정동,2층)","08026","킹노래연습장","2020-02-13 17:28:17","I","2026-03-10 23:08:19","186865.72913906     ","446669.777229305    ","노래연습장업","유통관련업","3","주택가주변","","108.000000000","2","","근린생활시설","","","7","","N","N","N","","N","N","","",""," ","","","","",""
"3140000","CDFF3242052002000002","2002-01-15","          ","03","폐업","03","폐업","2018-10-22","          ","          ","","          ","서울특별시 양천구 신정동 1026-3 지하1층","서울특별시 양천구 신월로 344 (신정동)","08086","힐링노래연습장","2018-10-22 15:07:50","I","2026-03-10 23:08:32","187488.563338738    ","446598.324631936    ","노래연습장업","유통관련업","5","기타","","328.260000000","","1","근린생활시설","","","13","3","N","N","N","Y","N","N","","",""," ","","","","","주거지역"
"3140000","CDFF3242052002000003","2002-01-17","          ","03","폐업","03","폐업","2009-08-27","          ","          ","26511551","          ","서울특별시 양천구 신정동 86-31 지하1층","서울특별시 양천구 신목로 81  (신정동,지하1층)","     ","돌체노래연습장","2009-09-02 14:28:49","I","2026-03-10 23:08:38","188793.842449066    ","446668.910264701    ","노래연습장업","유통관련업","","","","132.230000000","","","","","","6","1","N","N","N","Y","N","N","","",""," ","","","","",""
"3140000","CDFF3242052002000006","2002-01-25","          ","03","폐업","03","폐업","2006-09-07","          ","          ","26938105","158-862   ","서울특별시 양천구 신정동 1050-13","서울특별시 양천구 중앙로36길 16  (신정동)","     ","팡팡노래방","2007-11-01 11:32:49","I","2026-03-10 23:08:59","187176.185427715    ","446365.957404643    ","노래연습장업","유통관련업","","","","102.470000000","","","","","","8","6","N","N","N","Y","N","N","","",""," ","","","","",""
"3140000","CDFF3242052002000012","2002-03-08","          ","03","폐업","03","폐업","2021-05-30","          ","          ","","          ","서울특별시 양천구 신정동 904-8 지하1층","서울특별시 양천구 신정중앙로 88 (신정동,지하1층)","07945","123노래연습장","2021-07-01 15:16:01","I","2026-03-10 23:09:46","187669.835143575    ","447141.928199876    ","노래연습장업","유통관련업","","","","318.690000000","","","","","","10","3","N","N","N","Y","N","N","","",""," ","","","","",""
"3140000","CDFF3242052002000013","2002-03-11","          ","03","폐업","03","폐업","2013-07-01","          ","          ","26448210","          ","서울특별시 양천구 목동 796-4 지하1층","서울특별시 양천구 목동중앙서로 20  (목동,지하1층)","     ","신천지노래연습장","2013-07-04 16:19:04","I","2026-03-10 23:09:54","188083.284032378    ","447821.772293616    ","노래연습장업","유통관련업","","","","76.030000000","","","","","","9","","N","N","N","","N","N","","",""," ","","","","",""
"3140000","CDFF3242052002000015","2002-03-20","          ","03","폐업","03","폐업","2006-10-23","          ","          ","","158-807   ","서울특별시 양천구 목동 507-2","서울특별시 양천구 목동중앙북로 73  (목동)","     ","MBC노래연습장","2006-10-23 13:33:41","I","2026-03-10 23:10:06","188563.746657935    ","449409.143621821    ","노래연습장업","유통관련업","","주택가주변","","92.560000000","","","근린생활시설","","","","","N","N","N","N","N","N","","",""," ","","","","",""
"3140000","CDFF3242052002000016","2002-03-20","          ","03","폐업","03","폐업","2007-04-05","          ","          ","26969465","158-834   ","서울특별시 양천구 신월동 445-16","서울특별시 양천구 오목로 51  (신월동)","     ","연주 노래연습장","2007-04-17 13:14:35","I","2026-03-10 23:10:11","186063.507754159    ","446707.131514789    ","노래연습장업","유통관련업","","","","79.330000000","","","","","","","","N","N","N","N","N","N","","",""," ","","","","",""
"3140000","CDFF3242052002000019","2002-03-29","          ","03","폐업","03","폐업","2007-06-04","          ","          ","26933030","158-864   ","서울특별시 양천구 신정동 1190-16","서울특별시 양천구 중앙로45길 8-30  (신정동)","     ","DJ노래연습장","2008-01-21 11:59:33","I","2026-03-10 23:10:32","186837.668843828    ","446526.106210474    ","노래연습장업","유통관련업","","","","79.330000000","","","","","","8","","N","N","N","N","N","N","","",""," ","","","","",""
"3140000","CDFF3242052002000021","2002-04-04","          ","03","폐업","03","폐업","2006-09-19","          ","          ","26063965","158-856   ","서울특별시 양천구 신정동 890-1","서울특별시 양천구 목동로25길 19  (신정동)","     ","미팅노래연습장","2006-09-20 11:19:00","I","2026-03-10 23:10:43","187726.486291537    ","447299.378899816    ","노래연습장업","유통관련업","","","","128.400000000","","","","","","7","3","N","N","N","N","N","N","","",""," ","","","","",""
"3140000","CDFF3242052002000027","2002-04-25","          ","03","폐업","03","폐업","2012-05-25","          ","          ","26984353","          ","서울특별시 양천구 신월동 236-7 2층","서울특별시 양천구 월정로17길 5  (신월동,2층)","     ","떳다노래연습장","2012-05-25 13:42:53","I","2026-03-10 23:11:16","185689.129188216    ","447320.158293052    ","노래연습장업","유통관련업","4","","","78.760000000","3","1","근린생활시설","","","5","3","N","N","N","Y","N","N","","",""," ","","","","",""
"3140000","CDFF3242052002000029","2002-05-04","          ","03","폐업","03","폐업","2024-11-01","          ","          ","","          ","서울특별시 양천구 목동 406-207 지하1층","서울특별시 양천구 목동동로 264 (목동,지하1층)","07999","성원노래연습장","2024-11-01 14:53:52","I","2026-03-10 23:11:28","188896.762245564    ","447048.235742514    ","노래연습장업","유통관련업","","아파트지역","","221.200000000","","1","근린생활시설","","","11","3","N","N","N","Y","N","N","","",""," ","","","","","주거지역"
"3140000","CDFF3242052002000031","2002-05-07","          ","03","폐업","03","폐업","2008-03-24","          ","          ","","          ","서울특별시 양천구 신정동 972-4","서울특별시 양천구 중앙로 282  (신정동)","     ","에이스노래연습장","2011-05-13 11:25:20","I","2026-03-10 23:11:42","186904.1507792      ","446604.608490055    ","노래연습장업","유통관련업","5","기타","","240.240000000","","5","근린생활시설","","","12","","N","N","N","","N","N","","",""," ","","","","","주거지역"
"3140000","CDFF3242052002000032","2002-05-09","          ","03","폐업","03","폐업","2019-03-31","          ","          ","","          ","서울특별시 양천구 신정동 902-15 3층","서울특별시 양천구 오목로 223 (신정동,3층)","07945","등대노래방","2019-04-01 16:37:40","I","2026-03-10 23:11:49","187765.177154405    ","447098.799554234    ","노래연습장업","유통관련업","","","","165.000000000","","","근린생활시설","","","12","4","N","N","N","Y","N","N","","",""," ","","","","","주거지역"
"3140000","CDFF3242052002000036","2002-05-22","          ","03","폐업","03","폐업","2008-10-08","          ","          ","","158-864   ","서울특별시 양천구 신정동 1182-2","서울특별시 양천구 중앙로 251  (신정동)","     ","21세기노래연습장","2008-10-08 14:55:09","I","2026-03-10 23:12:17","186953.199757922    ","446282.381840537    ","노래연습장업","유통관련업","","기타","","207.900000000","","","근린생활시설","","","","","N","N","N","N","N","N","","",""," ","","","","","주거지역"
"3140000","CDFF3242052002000037","2002-05-27","          ","03","폐업","03","폐업","2008-10-02","          ","          ","26478142","158-806   ","서울특별시 양천구 목동 406-274","서울특별시 양천구 목동동로 268  (목동)","     ","쏘렌토노래연습장","2008-10-02 18:10:33","I","2026-03-10 23:12:24","188943.811621589    ","447039.51965518     ","노래연습장업","유통관련업","","아파트지역","","91.570000000","","","근린생활시설","","","7","1","N","N","N","N","N","N","","",""," ","","","","",""
"3140000","CDFF3242052002000040","2002-06-03","          ","03","폐업","03","폐업","2018-12-31","          ","          ","26544178","          ","서울특별시 양천구 목동 773-2","서울특별시 양천구 목동중앙로 45 (목동)","07964","투인원노래연습장","2018-12-31 14:51:02","I","2026-03-10 23:12:39","188392.441454004    ","447961.72793177     ","노래연습장업","유통관련업","5","아파트지역","","207.530000000","1","4","근린생활시설","","","9","8","N","N","N","Y","N","N","","",""," ","","","","",""
"3140000","CDFF3242052002000042","2002-06-07","          ","03","폐업","03","폐업","2008-01-15","          ","          ","26932191","158-827   ","서울특별시 양천구 신월동 130-7","서울특별시 양천구 남부순환로 425  (신월동)","     ","코러스노래연습장","2008-01-15 21:34:40","I","2026-03-10 23:12:49","185148.338982406    ","447526.511511197    ","노래연습장업","유통관련업","","기타","","78.900000000","","","근린생활시설","","","5","1","N","N","N","N","N","N","","",""," ","","","","",""
"3140000","CDFF3242052002000049","2002-06-21","          ","03","폐업","03","폐업","2005-11-14","          ","          ","26970632","158-841   ","서울특별시 양천구 신월동 550-1","서울특별시 양천구 신월로 160  (신월동)","     ","환타지아노래방","2005-11-14 14:43:42","I","2026-03-10 23:13:23","185927.652519671    ","446155.14326358     ","노래연습장업","유통관련업","","기타","","142.140000000","","","근린생활시설","","","","","N","N","N","N","N","N","","",""," ","","","","","주거지역"
"3140000","CDFF3242052002000050","2002-06-21","          ","03","폐업","03","폐업","2013-11-27","          ","          ","26949200","          ","서울특별시 양천구 신월동 105-13 지하1층","서울특별시 양천구 월정로29길 6 (신월동)","     ","꽃님이노래연습장","2013-11-27 18:29:43","I","2026-03-10 23:13:29","185394.994051204    ","447942.602935428    ","노래연습장업","유통관련업","","기타","","72.720000000","","","근린생활시설","","","5","2","N","N","N","Y","N","N","","",""," ","","","","",""
"3140000","CDFF3242052002000052","2002-06-27","          ","03","폐업","03","폐업","2018-07-01","          ","          ","26493768","          ","서울특별시 양천구 목동 621-17 지하1층","서울특별시 양천구 등촌로 200 (목동,지하1층)","07950","이안노래연습장","2018-07-02 17:41:43","I","2026-03-10 23:13:41","187855.506684725    ","449476.396868849    ","노래연습장업","유통관련업","","","","181.810000000","","","","","","9","3","N","N","N","Y","N","N","","",""," ","","","","",""
"3140000","CDFF3242052002000056","2002-07-11","          ","03","폐업","03","폐업","2009-07-29","          ","          ","26999875","          ","서울특별시 양천구 신정동 1183-5 지하1층","서울특별시 양천구 중앙로 265  (신정동,지하1층)","     ","신바람노래연습장","2009-07-29 17:59:34","I","2026-03-10 23:14:03","186901.467005408    ","446420.057014711    ","노래연습장업","유통관련업","","","","146.770000000","","","","","","9","3","N","N","N","Y","N","N","","",""," ","","","","","주거지역"
"3140000","CDFF3242052002000057","2002-07-23","          ","03","폐업","03","폐업","2011-04-26","          ","          ","26926207","158-838   ","서울특별시 양천구 신월동 491-18 지층","서울특별시 양천구 오목로 67  (신월동,지층)","     ","둘리노래연습장","2011-04-26 18:23:55","I","2026-03-10 23:14:07","186242.881219116    ","446750.303660993    ","노래연습장업","유통관련업","","기타","","92.400000000","","","근린생활시설","","","4","2","N","N","N","Y","N","N","","",""," ","","","","","주거지역"
"3140000","CDFF3242052002000060","2002-07-31","          ","03","폐업","03","폐업","2016-05-13","          ","          ","26435670","          ","서울특별시 양천구 신정동 1028-5 2층","서울특별시 양천구 신월로 322 (신정동,2층)","08082","테마노래연습장","2016-05-17 10:51:27","I","2026-03-10 23:14:22","187265.646036998    ","446578.869333061    ","노래연습장업","유통관련업","4","기타","","162.640000000","2","","","","","8","3","N","N","N","Y","N","N","","",""," ","","","","",""
"3140000","CDFF3242052002000061","2002-08-02","          ","03","폐업","03","폐업","2010-01-05","          ","          ","","158-828   ","서울특별시 양천구 신월동 132-22 지하1층","서울특별시 양천구 곰달래로1길 26  (신월동,지하1층)","     ","토토노래연습장","2010-01-05 17:23:39","I","2026-03-10 23:14:29","185100.646353016    ","447749.617476781    ","노래연습장업","유통관련업","","주택가주변","","115.500000000","","","근린생활시설","","","7","6","N","N","N","Y","N","N","","",""," ","","","","","주거지역"
"3140000","CDFF3242052002000067","2002-09-06","          ","03","폐업","03","폐업","2007-11-29","          ","          ","26986757","158-859   ","서울특별시 양천구 신정동 972-6","서울특별시 양천구 신월로 289  (신정동)","     ","신정노래연습장","2007-11-29 14:03:34","I","2026-03-10 23:15:24","186928.826903187    ","446591.038133157    ","노래연습장업","유통관련업","3","","","266.780000000","","1","근린생활시설","","","10","2","N","N","N","N","N","N","","",""," ","","","","",""
"3140000","CDFF3242052002000070","2002-09-11","          ","03","폐업","03","폐업","2014-02-25","          ","          ","26055726","158-841   ","서울특별시 양천구 신월동 557-10 지하1층","서울특별시 양천구 신월로10길 15  (신월동,지하1층)","     ","오디션노래연습장","2014-02-26 13:45:57","I","2026-03-10 23:15:53","                    ","                    ","노래연습장업","유통관련업","4","주택가주변","","87.080000000","3","1","근린생활시설","","","7","3","N","N","N","Y","N","N","","",""," ","","","","","주거지역"
"3140000","CDFF3242052002000071","2002-09-30","          ","03","폐업","03","폐업","2017-03-09","          ","          ","","          ","서울특별시 양천구 신정동 323-17 밀레니엄 501호","서울특별시 양천구 목동동로 55 (신정동)","08093","딩가딩가노래연습장","2017-03-09 15:16:28","I","2026-03-10 23:16:05","187675.994207369    ","445930.418572154    ","노래연습장업","유통관련업","10","아파트지역","","165.720000000","5","","","","","11","7","N","N","N","Y","N","N","","",""," ","","","","",""
"3140000","CDFF3242052002000075","2002-10-09","          ","03","폐업","03","폐업","2017-07-17","          ","          ","","          ","서울특별시 양천구 신월동 447-6 지하1층","서울특별시 양천구 중앙로53길 70 (신월동)","07931","싱싱노래연습장","2017-07-17 17:54:20","I","2026-03-10 23:16:43","185962.333912347    ","446956.563087459    ","노래연습장업","유통관련업","","기타","","92.560000000","","","근린생활시설","","","6","3","N","N","N","Y","N","N","","",""," ","","","","","주거지역"
"3140000","CDFF3242052002000077","2002-11-26","          ","03","폐업","03","폐업","2020-08-20","          ","          ","02-2604-0091","          ","서울특별시 양천구 신월동 445-9 지층","서울특별시 양천구 월정로 34 (신월동,지층)","07936","차차차노래연습장","2020-08-20 18:23:41","I","2026-03-10 23:17:04","186040.36           ","446753.795000001    ","노래연습장업","유통관련업","4","기타","","151.200000000","3","1","근린생활시설","","","7","2","N","N","N","Y","N","N","","",""," ","","","","","일반상업지역"
"3140000","CDFF3242052003000003","2003-01-23","          ","03","폐업","03","폐업","2013-12-06","          ","          ","26422029","          ","서울특별시 양천구 목동 612-4 3층","서울특별시 양천구 목동중앙북로1길 20  (목동,3층)","     ","예름노래연습장","2013-12-06 17:09:35","I","2026-03-10 23:18:05","187958.135953582    ","449702.936794604    ","노래연습장업","유통관련업","5","학교정화(상대)","","234.210000000","4","1","기타","","","11","6","N","N","N","Y","N","N","","",""," ","","","","","일반주거지역"
"3140000","CDFF3242052003000004","2003-05-01","          ","03","폐업","03","폐업","2013-08-22","          ","          ","26901414","158-838   ","서울특별시 양천구 신월동 501-11","서울특별시 양천구 신월로 267  (신월동)","     ","공원노래연습장","2013-08-22 21:22:09","I","2026-03-10 23:18:14","186785.639413223    ","446697.317127131    ","노래연습장업","유통관련업","","기타","","94.670000000","","1","근린생활시설","","","8","2","N","N","N","Y","N","N","","",""," ","","","","","일반상업지역"
"3140000","CDFF3242052003000005","2003-01-15","          ","03","폐업","03","폐업","2005-02-23","          ","          ","26426932","158-806   ","서울특별시 양천구 목동 405-267","","     ","보보스노래연습장","2005-02-24 08:36:26","I","2026-03-10 23:18:22","188855.713711778    ","446905.896372813    ","노래연습장업","유통관련업","","아파트지역","","638.300000000","","","근린생활시설","1","150","20","5","N","N","N","N","N","N","","",""," ","","","","","일반주거지역"
"3140000","CDFF3242052003000007","2003-06-10","          ","03","폐업","03","폐업","2004-06-10","          ","          ","02-2695-3722","158-846   ","서울특별시 양천구 신월동 971-5 중앙빌딩 지층","서울특별시 양천구 지양로 62  (신월동,중앙빌딩 지층)","     ","아이큐게임장","2004-11-15 12:26:59","I","2026-03-10 23:18:38","185292.847527141    ","446569.776371444    ","노래연습장업","유통관련업","","주택가주변","","187.000000000","","","근린생활시설","","","","","N","N","N","N","N","N","","",""," ","","","","","일반상업지역"
"3140000","CDFF3242052003000008","2003-06-23","          ","03","폐업","03","폐업","2005-04-08","          ","          ","26540303","158-861   ","서울특별시 양천구 신정동 1030-6","서울특별시 양천구 중앙로34길 30  (신정동)","     ","코리아나","2005-04-08 15:33:15","I","2026-03-10 23:18:52","186996.961808924    ","446523.819291213    ","노래연습장업","유통관련업","3","주택가주변","","140.670000000","","1","근린생활시설","","","5","","N","N","N","N","N","N","","",""," ","","","","",""
"3140000","CDFF3242052003000012","2003-08-18","          ","03","폐업","03","폐업","2011-02-18","          ","          ","26053740","          ","서울특별시 양천구 신정동 1267 302. 303호","서울특별시 양천구 신정로 312,  302. 303호 (신정동)","     ","스타노래연습장","2011-02-18 14:58:04","I","2026-03-10 23:19:28","187158.467033065    ","445678.076325463    ","노래연습장업","유통관련업","6","아파트지역","","210.400000000","3","","근린생활시설","","","9","2","N","N","N","Y","N","N","","",""," ","","","","","주거지역"
"3140000","CDFF3242052006000002","2006-02-07","          ","03","폐업","03","폐업","2022-02-10","          ","          ","","          ","서울특별시 양천구 목동 405-282 지하1층","서울특별시 양천구 오목로 322 (목동,지하1층)","08005","MBC노래연습장","2022-02-11 10:15:31","I","2026-03-10 23:27:02","188705.447403067    ","446934.246266594    ","노래연습장업","유통관련업","","","","204.340000000","","","근린생활시설","1","","6","6","Y","Y","Y","Y","N","Y","","",""," ","","","","",""
"3140000","CDFF3242052006000005","2006-05-26","          ","03","폐업","03","폐업","2009-05-04","          ","          ","","          ","서울특별시 양천구 목동 513-27","서울특별시 양천구 목동중앙북로 81  (목동)","     ","멜로디노래연습장","2009-05-04 14:42:27","I","2026-03-10 23:27:21","188635.863269529    ","449373.174837415    ","노래연습장업","유통관련업","","","","125.100000000","","1","","","","7","1","Y","Y","Y","Y","N","Y","","",""," ","","","","",""
"3140000","CDFF3242052006000008","2006-10-11","          ","03","폐업","03","폐업","2023-06-02","          ","          ","","          ","서울특별시 양천구 신정동 761-82 지하1층","서울특별시 양천구 남부순환로88길 14 (신정동)","08053","하이빌노래연습장","2023-07-19 13:19:14","I","2026-03-10 23:27:51","185794.655081652    ","445524.71062635     ","노래연습장업","유통관련업","","","","175.540000000","","1","근린생활시설","","","7","2","Y","Y","Y","Y","N","Y","","",""," ","","","","",""
"3140000","CDFF3242052003000013","2003-09-09","          ","03","폐업","03","폐업","2011-12-28","          ","          ","26470160","158-861   ","서울특별시 양천구 신정동 1029-14 2층","서울특별시 양천구 신월로 310  (신정동,2층)","     ","월드컵노래연습장","2011-12-28 16:07:44","I","2026-03-10 23:19:42","187147.122565712    ","446555.544194408    ","노래연습장업","유통관련업","4","","","92.250000000","2","","근린생활시설","","","4","2","N","N","N","","N","N","","",""," ","","","","",""
"3140000","CDFF3242052003000014","2003-09-22","          ","03","폐업","03","폐업","2008-12-15","          ","          ","26535020","158-070   ","서울특별시 양천구 신정동 323-7 테마프라자 502호","서울특별시 양천구 목동서로 389  (신정동,테마프라자 502호)","     ","와와노래연습장","2008-12-15 09:42:46","I","2026-03-10 23:19:49","187658.894054739    ","445962.272968839    ","노래연습장업","유통관련업","11","","","137.360000000","5","","근린생활시설","","","6","1","N","N","N","N","N","N","","",""," ","","","","",""
"3140000","CDFF3242052003000015","2003-10-08","          ","03","폐업","03","폐업","2024-12-10","          ","          ","26044536","          ","서울특별시 양천구 신정동 902-10 지하1층","서울특별시 양천구 오목로 233 (신정동)","07945","팡팡노래연습장","2024-12-10 15:00:59","I","2026-03-10 23:20:02","187849.02266227     ","447109.428861066    ","노래연습장업","유통관련업","3","주택가주변","","142.000000000","","1","근린생활시설","","","7","1","N","N","N","Y","N","N","","",""," ","","","","","주거지역"
"3140000","CDFF3242052003000017","2003-11-03","          ","03","폐업","03","폐업","2010-11-10","          ","          ","26450123","          ","서울특별시 양천구 신정동 1032-8 지하1층","","     ","쟁반노래연습장","2010-11-10 11:27:01","I","2026-03-10 23:20:23","186978.078745279    ","446367.670301835    ","노래연습장업","유통관련업","2","","","124.460000000","","1","근린생활시설","","","7","","N","N","N","","N","N","","",""," ","","","","",""
"3140000","CDFF3242052003000018","2003-11-07","          ","03","폐업","03","폐업","2009-06-18","          ","          ","","          ","서울특별시 양천구 목동 917-9 현대41타워 B1-20동 2호","서울특별시 양천구 목동동로 293, B1-20동 2호 (목동,현대41타워)","     ","타워뮤직노래연습장","2009-06-26 13:25:23","I","2026-03-10 23:20:31","188953.066831076    ","447333.569187997    ","노래연습장업","유통관련업","41","기타","","608.580000000","","","근린생활시설","","","24","9","N","N","N","Y","N","N","","",""," ","","","","","상업지역"
"3140000","CDFF3242052003000020","2003-11-15","          ","03","폐업","03","폐업","2008-03-12","          ","          ","26529067","158-806   ","서울특별시 양천구 목동 405-276","서울특별시 양천구 오목로 312  (목동)","     ","채플린노래연습장","2008-03-13 09:47:09","I","2026-03-10 23:20:55","188617.140810233    ","446949.529618415    ","노래연습장업","유통관련업","7","주택가주변","","324.060000000","6","1","근린생활시설","","","11","3","N","N","N","N","N","N","","",""," ","","","","","일반주거지역"
"3140000","CDFF3242052004000001","2004-01-02","          ","03","폐업","03","폐업","2017-06-02","          ","          ","26478585","          ","서울특별시 양천구 목동 404-87 지하1층","서울특별시 양천구 신목로 100-6 (목동,지하1층)","08007","노래친구노래연습장","2017-06-02 16:03:28","I","2026-03-10 23:22:06","188953.963181509    ","446792.121550223    ","노래연습장업","유통관련업","6","주택가주변","","137.230000000","5","1","근린생활시설","","","6","3","N","N","N","Y","N","N","","",""," ","","","","","주거지역"
"3140000","CDFF3242052004000008","2004-07-14","          ","03","폐업","03","폐업","2018-07-12","          ","          ","26907278","          ","서울특별시 양천구 신정동 1149-9 지하1층","서울특별시 양천구 중앙로23길 25 (신정동,지하1층)","08076","강변노래연습장","2018-07-12 17:58:27","I","2026-03-10 23:23:25","186958.683710764    ","446115.838905266    ","노래연습장업","유통관련업","","주택가주변","","149.200000000","","1","근린생활시설","1","60","7","2","Y","Y","Y","Y","Y","Y","","",""," ","","","","","주거지역"
"3140000","CDFF3242052004000009","2004-08-02","          ","03","폐업","03","폐업","2025-11-15","          ","          ","","          ","서울특별시 양천구 신정동 903-15 목동역프라임타워","서울특별시 양천구 오목로 215-1, 목동역프라임타워 102호 (신정동)","07945","희락노래연습장","2025-11-17 14:12:58","I","2026-03-10 23:23:40","187656.590328634    ","447100.835392155    ","노래연습장업","유통관련업","11","기타","","166.020000000","9","2","근린생활시설","","","8","4","N","N","N","Y","N","N","","",""," ","","","","","일반주거지역"
"3140000","CDFF3242052004000010","2004-09-13","          ","03","폐업","03","폐업","2016-04-01","          ","          ","26993013","          ","서울특별시 양천구 신월동 575-2 지하1층","서울특별시 양천구 신월로 172 (신월동)","08064","베라송노래연습장","2016-04-01 11:42:22","I","2026-03-10 23:23:53","186022.845067592    ","446241.819507065    ","노래연습장업","유통관련업","4","기타","","380.320000000","3","1","근린생활시설","1","30","11","3","Y","Y","Y","Y","Y","Y","","",""," ","","","","","일반주거지역"
"3140000","CDFF3242052004000011","2004-10-25","          ","03","폐업","03","폐업","2024-08-16","          ","          ","","          ","서울특별시 양천구 목동 917","서울특별시 양천구 목동서로 155 (목동)","07997","파라곤산소노래연습장","2024-08-19 13:23:41","I","2026-03-10 23:24:08","188895.844080632    ","447480.979609884    ","노래연습장업","유통관련업","","기타","","168.010000000","","","근린생활시설","1","30","8","2","Y","Y","Y","Y","Y","Y","","",""," ","","","","","일반주거지역"
"3140000","CDFF3242052004000013","2004-12-04","          ","03","폐업","03","폐업","2009-11-16","          ","          ","26552010","          ","서울특별시 양천구 목동 603-2 지하1층","서울특별시 양천구 공항대로 552  (목동,지하1층)","     ","마이빌노래연습장","2009-11-24 09:24:14","I","2026-03-10 23:24:33","188169.180124964    ","449701.802558519    ","노래연습장업","유통관련업","14","기타","","436.670000000","10","4","근린생활시설","2","40","13","2","Y","Y","Y","Y","Y","Y","","",""," ","","","","","일반주거지역"
"3140000","CDFF3242052004000014","2004-12-19","          ","03","폐업","03","폐업","2004-12-28","          ","          ","","158-070   ","서울특별시 양천구 신정동 1031-3","서울특별시 양천구 중앙로 272  (신정동)","     ","승리노래연습장","2005-04-29 11:01:19","I","2026-03-10 23:24:49","186945.472213942    ","446493.886101493    ","노래연습장업","유통관련업","4","유흥업소밀집지역","","155.000000000","3","1","근린생활시설","","","5","","N","N","N","N","N","N","","",""," ","","","","",""
"3140000","CDFF3242052004000015","2004-12-21","          ","03","폐업","03","폐업","2025-09-04","          ","          ","20659549","          ","서울특별시 양천구 신정동 991-5 지하1층","서울특별시 양천구 오목로 224 (신정동,지하1층)","08022","M코인노래연습장","2025-09-05 10:55:26","I","2026-03-10 23:25:02","187769.95711697     ","447053.907321165    ","노래연습장업","유통관련업","","기타","","155.000000000","","","근린생활시설","","","26","1","N","N","N","Y","N","N","","",""," ","","","","","일반주거지역"
"3140000","CDFF3242052005000004","2005-04-13","          ","03","폐업","03","폐업","2007-11-29","          ","          ","","158-050   ","서울특별시 양천구 목동 905-22","서울특별시 양천구 목동동로 339  (목동)","     ","SBS노래연습장","2007-11-29 17:46:33","I","2026-03-10 23:25:27","189042.496526196    ","447777.835760268    ","노래연습장업","유통관련업","37","","","232.890000000","32","5","근린생활시설","","","","","N","N","N","N","N","N","","",""," ","","","","",""
"3140000","CDFF3242052005000005","2005-06-26","          ","03","폐업","03","폐업","2021-05-24","          ","          ","26529093","          ","서울특별시 양천구 신정동 294-30 3층","서울특별시 양천구 목동동로10길 8 (신정동,3층)","08014","신나라노래연습장","2021-06-16 15:03:52","I","2026-03-10 23:25:37","188506.726142909    ","446274.742717706    ","노래연습장업","유통관련업","","","","264.000000000","","","","","","9","1","N","N","N","Y","N","N","","",""," ","","","","",""
"3140000","CDFF3242052005000006","2005-07-19","          ","03","폐업","03","폐업","2007-01-10","          ","          ","","158-070   ","서울특별시 양천구 신정동 1031-3","서울특별시 양천구 중앙로 272  (신정동)","     ","승리노래연습장","2007-01-11 08:30:39","I","2026-03-10 23:25:47","186945.472213942    ","446493.886101493    ","노래연습장업","유통관련업","","","","","","","","","","","","N","N","N","N","N","N","","",""," ","","","","",""
"3140000","CDFF3242052005000008","2005-07-28","          ","03","폐업","03","폐업","2013-10-22","          ","          ","","          ","서울특별시 양천구 신정동 903-15 예지2003타운 B01호","서울특별시 양천구 오목로 215-1  (신정동,예지2003타운 B01호)","     ","친구네노래연습장","2013-10-22 13:08:56","I","2026-03-10 23:26:04","187656.590328634    ","447100.835392155    ","노래연습장업","유통관련업","","","","58.500000000","","","","","","2","","N","N","N","","N","N","","",""," ","","","","",""
"3140000","CDFF3242052005000013","2005-11-30","          ","03","폐업","03","폐업","2010-05-31","          ","          ","26420887","          ","서울특별시 양천구 목동 907-0023 지하1층","","     ","엔피아노래연습장","2010-08-10 17:27:02","I","2026-03-10 23:26:47","189348.372526225    ","448186.414032098    ","노래연습장업","유통관련업","","","","206.990000000","","","근린생활시설","","","10","6","N","N","N","Y","N","N","","",""," ","","","","",""
"3140000","CDFF3242052007000002","2007-04-06","          ","03","폐업","03","폐업","2020-08-07","          ","          ","60844135","          ","서울특별시 양천구 목동 609-20 2층","서울특별시 양천구 목동중앙북로7가길 4 (목동,2층)","07946","비노래연습장","2020-08-07 09:50:46","I","2026-03-10 23:28:22","188191.738789008    ","449595.827555769    ","노래연습장업","유통관련업","","","","241.640000000","","","","","","10","4","N","N","N","Y","N","N","","",""," ","","","","",""
"3140000","CDFF3242052007000003","2007-05-10","          ","03","폐업","03","폐업","2015-02-06","          ","          ","","          ","서울특별시 양천구 목동 905-34 목동하나프라자 13층(1303호~1307호)","서울특별시 양천구 목동서로 133-2  (목동,목동하나프라자 13층(1303호~1307호))","     ","스카이 비 노래연습장","2015-02-08 15:07:49","I","2026-03-10 23:28:33","188967.445733675    ","447716.332636357    ","노래연습장업","유통관련업","","","","196.680000000","","","","","","9","3","N","N","N","Y","N","N","","",""," ","","","","",""
"3140000","CDFF3242052007000004","2007-06-18","          ","03","폐업","03","폐업","2015-01-07","          ","          ","","          ","서울특별시 양천구 신정동 886-1 2층","서울특별시 양천구 신정중앙로 77  (신정동,2층)","     ","원노래연습장","2015-01-07 18:13:03","I","2026-03-10 23:28:46","187587.553792566    ","447206.026219869    ","노래연습장업","유통관련업","","","","143.680000000","2","","","","","8","3","N","N","N","Y","N","N","","",""," ","","","","",""
"3140000","CDFF3242052007000005","2007-07-11","          ","03","폐업","03","폐업","2017-07-31","          ","          ","","          ","서울특별시 양천구 목동 808-7 지층","서울특별시 양천구 목동로 218 (목동)","07993","영 노래연습장","2017-07-31 11:12:08","I","2026-03-10 23:28:56","187948.538264517    ","447308.27945586     ","노래연습장업","유통관련업","","","","125.750000000","","1","","","","6","2","N","N","N","Y","N","N","","",""," ","","","","",""
"3140000","CDFF3242052007000006","2007-11-12","          ","03","폐업","03","폐업","2014-12-30","          ","          ","","          ","서울특별시 양천구 신정동 974-23 지층","서울특별시 양천구 중앙로46길 22  (신정동,지층)","     ","SBS노래연습장","2014-12-30 18:27:41","I","2026-03-10 23:29:05","187070.786802024    ","446673.471009103    ","노래연습장업","유통관련업","","","","98.070000000","","","","","","6","3","N","N","N","Y","N","N","","",""," ","","","","",""
"3140000","CDFF3242052008000001","2008-04-25","          ","03","폐업","03","폐업","2021-05-21","          ","          ","26089351","          ","서울특별시 양천구 신정동 972-4 지층","서울특별시 양천구 중앙로 282 (신정동, 지층)","08026","에이스노래연습장","2021-05-22 11:07:01","I","2026-03-10 23:29:32","186904.1507792      ","446604.608490055    ","노래연습장업","유통관련업","","","","79.670000000","","","","","","3","","N","N","N","","N","N","","",""," ","","","","",""
"3140000","CDFF3242052008000002","2008-07-10","          ","03","폐업","03","폐업","2020-12-31","          ","          ","","          ","서울특별시 양천구 신월동 933-11 2층","서울특별시 양천구 지양로 89 (신월동,2층)","08037","와노래연습장","2021-01-13 18:20:09","I","2026-03-10 23:29:46","185088.496010158    ","446756.045215391    ","노래연습장업","유통관련업","","","","107.900000000","","","","","","5","1","N","N","N","Y","N","N","","",""," ","","","","",""
"3140000","CDFF3242052008000004","2008-07-24","          ","03","폐업","03","폐업","2018-07-02","          ","          ","26932356","          ","서울특별시 양천구 신정동 1183-12 2층","서울특별시 양천구 중앙로 255-1 (신정동,2층)","08073","럭셔리휴 노래연습장","2018-07-02 10:09:29","I","2026-03-10 23:30:10","186934.14769332     ","446336.680481997    ","노래연습장업","유통관련업","","","","243.000000000","2","","","","","11","11","N","N","N","Y","N","N","","",""," ","","","","",""
"3140000","CDFF3242052009000001","2009-01-13","          ","03","폐업","03","폐업","2020-03-02","          ","          ","","          ","서울특별시 양천구 신월동 445-16 지하1층","서울특별시 양천구 오목로 51 (신월동)","07936","수노래연습장","2020-03-02 17:28:58","I","2026-03-10 23:30:29","186063.507754159    ","446707.131514789    ","노래연습장업","유통관련업","","","","84.300000000","","","","2","","6","1","Y","N","N","Y","N","Y","","",""," ","","","","",""
"3140000","CDFF3242052009000004","2009-03-12","          ","03","폐업","03","폐업","2024-01-29","          ","          ","","          ","서울특별시 양천구 신월동 228-1 지하1층","서울특별시 양천구 곰달래로 48 (신월동)","07925","야후노래연습장","2024-01-29 19:59:41","I","2026-03-10 23:30:54","185618.848964198    ","447519.07997918     ","노래연습장업","유통관련업","","","","68.420000000","","","","","","4","1","","","","Y","","","","",""," ","","","","",""
"3140000","CDFF3242052009000011","2009-12-31","          ","03","폐업","03","폐업","2020-07-03","          ","          ","20655001","          ","서울특별시 양천구 신정동 1183-5 지하1층","서울특별시 양천구 중앙로 265 (신정동,지하1층)","08073","신바람노래연습장","2020-07-03 17:11:27","I","2026-03-10 23:32:09","186901.467005408    ","446420.057014711    ","노래연습장업","유통관련업","","","","148.130000000","","","","1","","6","0","Y","Y","","","","Y","","",""," ","","","","",""
"3140000","CDFF3242052010000002","2010-03-11","          ","03","폐업","03","폐업","2018-09-10","          ","          ","21683111","          ","서울특별시 양천구 목동 917-9 현대41타워 지하1층 비13호~비15호","서울특별시 양천구 목동동로 293 (목동,현대41타워 지하1층 비13호~비15호)","07997","SM노래연습장","2018-09-10 14:15:19","I","2026-03-10 23:32:40","188953.066831076    ","447333.569187997    ","노래연습장업","유통관련업","","","","98.780000000","","","","","","6","2","","","","Y","","","","",""," ","","","","",""
"3140000","CDFF3242052010000003","2010-03-26","          ","03","폐업","03","폐업","2023-03-03","          ","          ","","          ","서울특별시 양천구 신월동 145-1 2층","서울특별시 양천구 남부순환로 357 (신월동,2층)","07920","쥬디노래연습장","2023-03-03 18:07:02","I","2026-03-10 23:32:54","184825.763727278    ","448127.28783817     ","노래연습장업","유통관련업","","","","138.370000000","2","","","","","6","1","Y","Y","","Y","","Y","","",""," ","","","","",""
"3140000","CDFF3242052010000007","2010-06-18","          ","03","폐업","03","폐업","2012-01-09","          ","          ","","          ","서울특별시 양천구 신월동 550-5 지하1층","서울특별시 양천구 신월로 168 (신월동)","     ","큐큐노래연습장","2012-01-09 14:12:35","I","2026-03-10 23:33:49","185983.856210213    ","446209.12310839     ","노래연습장업","유통관련업","","","","68.160000000","","1","","","","1","","","","","","","","","",""," ","","","","",""
"3140000","CDFF3242052010000009","2010-08-18","          ","03","폐업","03","폐업","2013-02-13","          ","          ","","          ","서울특별시 양천구 목동 907-23 현대파크빌 지하1층 지104호","서울특별시 양천구 목동동로 391,  지104호 (목동,현대파크빌 지하1층)","     ","우리노래연습장","2013-02-13 15:54:43","I","2026-03-10 23:34:20","189348.372526225    ","448186.414032098    ","노래연습장업","유통관련업","","","","206.990000000","","","","","","10","6","","","","Y","","","","",""," ","","","","",""
"3140000","CDFF3242052010000011","2010-09-27","          ","03","폐업","03","폐업","2024-06-03","          ","          ","","          ","서울특별시 양천구 신정동 1183-8 2층","서울특별시 양천구 중앙로 261 (신정동,2층)","08073","터널노래연습장","2024-06-03 16:03:57","I","2026-03-10 23:34:49","186915.928285171    ","446389.054842662    ","노래연습장업","유통관련업","","","","112.020000000","","","근린생활시설","","","5","0","","","","","","","","",""," ","","","","",""
"3140000","CDFF3242052010000013","2010-10-21","          ","03","폐업","03","폐업","2023-08-04","          ","          ","","          ","서울특별시 양천구 신정동 203-5 2층","서울특별시 양천구 목동남로4길 13, 2층 (신정동)","08101","쥬얼리노래연습장","2023-08-14 14:33:19","I","2026-03-10 23:35:19","188004.96393013     ","445196.818423696    ","노래연습장업","유통관련업","","","","82.250000000","","","","","","4","1","","","","Y","","","","",""," ","","","","",""
"3140000","CDFF3242052010000016","2010-12-15","          ","03","폐업","03","폐업","2012-01-20","          ","          ","","          ","서울특별시 양천구 목동 609-24 지하1층","서울특별시 양천구 목동중앙북로7가길 14  (목동,지하1층)","     ","소리노래연습장","2012-01-20 16:31:20","I","2026-03-10 23:36:04","188146.288663161    ","449627.513654287    ","노래연습장업","유통관련업","","","","110.320000000","","","","","","","","","","","","","","","",""," ","","","","",""
"3140000","CDFF3242052010000017","2010-12-30","          ","03","폐업","03","폐업","2013-09-03","          ","          ","","          ","서울특별시 양천구 신정동 905-5","서울특별시 양천구 신정중앙로 76 (신정동)","     ","연노래연습장","2013-09-03 14:25:21","I","2026-03-10 23:36:18","187554.640287583    ","447159.948509659    ","노래연습장업","유통관련업","","","","175.920000000","","","","","","","","","","","","","","","",""," ","","","","",""
"3140000","CDFF3242052011000001","2011-04-13","          ","03","폐업","03","폐업","2021-07-12","          ","          ","","          ","서울특별시 양천구 신월동 601-1 2층","서울특별시 양천구 신월로 184 (신월동,2층)","08064","나이스 노래연습장","2021-07-12 15:57:37","I","2026-03-10 23:36:31","186108.740932816    ","446322.792692056    ","노래연습장업","유통관련업","","","","163.800000000","","","","","","6","1","","","","Y","","","","",""," ","","","","",""
"3140000","CDFF3242052011000002","2011-04-13","          ","03","폐업","03","폐업","2018-08-31","          ","          ","","          ","서울특별시 양천구 목동 404-137 지하1층","서울특별시 양천구 신목로 98 (목동,지하1층)","08007","그린노래연습장","2018-09-03 09:06:36","I","2026-03-10 23:36:43","188919.01389015     ","446786.559111612    ","노래연습장업","유통관련업","","","","160.980000000","","","","","","5","","","","","","","","","",""," ","","","","",""
"3140000","CDFF3242052011000005","2011-11-16","          ","03","폐업","03","폐업","2013-01-02","          ","          ","","          ","서울특별시 양천구 신정동 977-16 지하1층","서울특별시 양천구 신월로 321 (신정동)","     ","궁전노래연습장","2013-01-02 17:59:56","I","2026-03-10 23:37:20","187244.552928692    ","446626.599997855    ","노래연습장업","유통관련업","","","","237.000000000","","","","","","","","","","","","","","","",""," ","","","","",""
"3140000","CDFF3242052012000005","2012-11-09","          ","03","폐업","03","폐업","2025-07-29","          ","          ","","          ","서울특별시 양천구 목동 792-5 지하1층","서울특별시 양천구 등촌로 30 (목동)","07965","예랑노래연습장","2025-07-29 10:06:27","I","2026-03-10 23:39:09","187913.002048235    ","447838.140920591    ","노래연습장업","유통관련업","4","기타","","42.900000000","3","1","근린생활시설","","","","","","","","","","","","",""," ","","","","","주거지역"
"3140000","CDFF3242052012000007","2012-12-20","          ","03","폐업","03","폐업","2015-11-23","          ","          ","","          ","서울특별시 양천구 목동 917-9 현대41타워 B105호","서울특별시 양천구 목동동로 293, B105호 (목동, 현대41타워)","07997","psy","2015-11-24 11:05:59","I","2026-03-10 23:39:44","188953.066831076    ","447333.569187997    ","노래연습장업","유통관련업","40","","","49.000000000","","1","","","","","","","","","","","","","",""," ","","","","",""
"3140000","CDFF3242052013000002","2013-06-28","          ","03","폐업","03","폐업","2024-09-12","          ","          ","","          ","서울특별시 양천구 신월동 223-1 2층","서울특별시 양천구 남부순환로 431, 2층 (신월동)","07924","수노래연습장","2024-09-13 10:33:59","I","2026-03-10 23:40:14","185170.791174761    ","447484.801871723    ","노래연습장업","유통관련업","","기타","","98.700000000","2","","근린생활시설","","","6","1","","","","Y","","","","",""," ","","","","","준주거지역"
"3140000","CDFF3242052013000003","2013-08-22","          ","03","폐업","03","폐업","2017-07-19","          ","          ","","          ","서울특별시 양천구 목동 796-4 지하1층","서울특별시 양천구 목동중앙서로 20 (목동, 지하1층)","07966","신천지노래연습장","2017-07-19 10:26:25","I","2026-03-10 23:40:29","188083.284032378    ","447821.772293616    ","노래연습장업","유통관련업","4","주택가주변","","88.930000000","3","1","근린생활시설","","","6","","","","","","","","","",""," ","","","","","준주거지역"
"3140000","CDFF3242052014000001","2014-05-01","          ","03","폐업","03","폐업","2023-02-07","          ","          ","","          ","서울특별시 양천구 목동 611-4","서울특별시 양천구 목동중앙북로 13-1 (목동)","07946","팡팡노래연습장","2023-02-08 13:27:06","I","2026-03-10 23:41:44","188014.925269664    ","449599.975407779    ","노래연습장업","유통관련업","","","","106.440000000","","","","","","6","6","","","","Y","","","","",""," ","","","","",""
"3140000","CDFF3242052016000005","2016-09-30","          ","03","폐업","03","폐업","2017-10-17","          ","          ","","          ","서울특별시 양천구 신월동 228-1","서울특별시 양천구 곰달래로 48, 2층 (신월동)","07925","신바람노래연습장","2017-10-17 10:39:44","I","2026-03-10 23:44:23","185618.848964198    ","447519.07997918     ","노래연습장업","유통관련업","2","","","93.000000000","2","","","","","5","1","","","","Y","","","","",""," ","","","","",""
"3140000","CDFF3242052016000006","2016-10-18","          ","03","폐업","03","폐업","2020-07-24","          ","          ","","          ","서울특별시 양천구 목동 793-2 2층","서울특별시 양천구 등촌로 24, 2층 (목동)","07966","코인박스(COINBOX)동전노래연습장 목동사거리점","2020-07-24 09:31:22","I","2026-03-10 23:44:38","187917.04763359     ","447773.630945821    ","노래연습장업","유통관련업","4","","","163.300000000","","","근린생활시설","","","26","8","","","","Y","","","","",""," ","","","","",""
"3140000","CDFF3242052018000001","2018-03-09","          ","03","폐업","03","폐업","2021-08-25","          ","          ","","          ","서울특별시 양천구 목동 615-1","서울특별시 양천구 목동중앙북로 8, 지하1층 (목동)","07950","엔젤스코인노래연습장 목동점","2021-08-26 10:32:38","I","2026-03-10 23:51:17","187946.743092468    ","449577.791547018    ","노래연습장업","유통관련업","","","","169.920000000","","","","","","16","16","Y","Y","","Y","","Y","","",""," ","","","","",""
"3140000","CDFF3242051992000001","1992-10-15","          ","03","폐업","03","폐업","2008-03-27","          ","          ","","158-811   ","서울특별시 양천구 목동 617-3","서울특별시 양천구 목동중앙북로 16  (목동)","     ","세계노래연습장","2008-03-31 11:28:48","I","2026-03-10 22:52:46","188029.289544125    ","449567.1501626      ","노래연습장업","유통관련업","","","","165.280000000","","","","","","","","N","N","N","N","N","N","","",""," ","","","","",""
"3140000","CDFF3242051992000002","1992-10-15","          ","03","폐업","03","폐업","2020-06-29","          ","          ","","          ","서울특별시 양천구 목동 405-24 지하1층","서울특별시 양천구 신목로 97 (목동, 지하1층)","08006","컬러링노래연습장","2020-07-01 10:47:08","I","2026-03-10 22:52:51","188879.448572755    ","446808.521815814    ","노래연습장업","유통관련업","","","","191.730000000","","","","","","6","","N","N","N","","N","N","","",""," ","","","","",""
"3140000","CDFF3242051992000003","1992-10-15","          ","03","폐업","03","폐업","2005-09-13","          ","          ","","158-814   ","서울특별시 양천구 목동 725-26","서울특별시 양천구 목동중앙남로 51-1  (목동)","     ","영노래연습장","2005-09-13 11:23:30","I","2026-03-10 22:52:57","188101.961173614    ","448469.873809972    ","노래연습장업","유통관련업","","","","105.780000000","","","","","","","","N","N","N","N","N","N","","",""," ","","","","",""
"3140000","CDFF3242051992000004","1992-10-15","          ","03","폐업","03","폐업","2023-06-07","          ","          ","","          ","서울특별시 양천구 신월동 931-6 지하1층","서울특별시 양천구 지양로9길 3 (신월동)","08037","우리노래연습장","2023-06-08 17:14:36","I","2026-03-10 22:53:02","185169.725104253    ","446666.379626821    ","노래연습장업","유통관련업","","","","127.720000000","","","","","","5","","N","N","N","","N","N","","",""," ","","","","",""
"3140000","CDFF3242051992000005","1992-10-19","          ","03","폐업","03","폐업","2005-09-13","          ","          ","","158-815   ","서울특별시 양천구 목동 746-4","서울특별시 양천구 목동중앙본로3길 21  (목동)","     ","씽어롱노래연습장","2005-09-13 11:22:40","I","2026-03-10 22:53:07","188336.379304964    ","448489.036065853    ","노래연습장업","유통관련업","","","","158.670000000","","","","","","","","N","N","N","N","N","N","","",""," ","","","","",""
"3140000","CDFF3242051992000006","1992-10-30","          ","03","폐업","03","폐업","2001-07-25","          ","          ","","158-811   ","서울특별시 양천구 목동 609-21","서울특별시 양천구 목동중앙북로7가길 4  (목동)","     ","카네기 노래연습장","2002-10-22 17:41:01","I","2026-03-10 22:53:10","188182.208069932    ","449605.333181799    ","노래연습장업","유통관련업","","","","0E-9","","","","","","","","","","","","","","","",""," ","","","","",""
"3140000","CDFF3242051992000008","1992-10-30","          ","03","폐업","03","폐업","2007-01-26","          ","          ","26060876","158-857   ","서울특별시 양천구 신정동 903-22","서울특별시 양천구 오목로 213  (신정동)","     ","밀라노노래연습장","2007-02-14 11:45:20","I","2026-03-10 22:53:18","187644.570293378    ","447078.779798253    ","노래연습장업","유통관련업","","","","105.780000000","","","","","","","","N","N","N","N","N","N","","",""," ","","","","",""
"3140000","CDFF3242051992000009","1992-11-10","          ","03","폐업","03","폐업","2016-09-05","          ","          ","","          ","서울특별시 양천구 신월동 228-1 2층","서울특별시 양천구 곰달래로 48, 2층 (신월동)","07925","신바람노래연습장","2016-09-05 15:01:06","I","2026-03-10 22:53:21","185618.848964198    ","447519.07997918     ","노래연습장업","유통관련업","","","","93.000000000","","","","","","8","2","N","N","N","Y","N","N","","",""," ","","","","",""
"3140000","CDFF3242051993000004","1993-09-01","          ","03","폐업","03","폐업","2005-03-02","          ","          ","26549824","158-852   ","서울특별시 양천구 신정동 282-1","서울특별시 양천구 신목로5길 23-2  (신정동)","     ","14노래연습장","2005-03-02 09:22:11","I","2026-03-10 22:53:37","188585.226619975    ","446111.03531498     ","노래연습장업","유통관련업","","","","","","","","","","","","N","N","N","N","N","N","","",""," ","","","","",""
"3140000","CDFF3242051994000008","1994-03-21","          ","01","영업/정상","13","영업중","          ","          ","          ","","          ","서울특별시 양천구 신정동 117-11 지하1층","서울특별시 양천구 신목로6길 27 (신정동, 지하1층)","08009","둘리노래연습장","2024-12-30 19:44:02","I","2026-03-10 22:56:59","188872.985378268    ","446548.868955009    ","노래연습장업","유통관련업","","","","92.560000000","","","","","","4","2","N","N","N","Y","N","N","","",""," ","","","","",""
"3140000","CDFF3242051994000011","1994-04-26","          ","01","영업/정상","13","영업중","          ","          ","          ","26909629","          ","서울특별시 양천구 신월동 953-6 지하1층","서울특별시 양천구 지양로5길 2 (신월동,지하1층)","08038","월드노래연습장","2023-04-12 08:45:43","I","2026-03-10 22:57:11","185248.664749254    ","446535.600622226    ","노래연습장업","유통관련업","","주택가주변","","148.500000000","","","근린생활시설","1","40","9","3","Y","Y","Y","Y","Y","Y","","",""," ","","","","","일반주거지역"
"3140000","CDFF3242051995000006","1995-10-09","          ","01","영업/정상","13","영업중","          ","          ","          ","26471954","          ","서울특별시 양천구 목동 526 지하1층","서울특별시 양천구 목동중앙북로16길 3 (목동,지하1층)","07971","뉴스타노래연습장","2021-01-11 20:04:20","I","2026-03-10 22:58:50","188788.809659247    ","449313.885409203    ","노래연습장업","유통관련업","","","","175.200000000","","","근린생활시설","","","9","2","N","N","N","Y","N","N","","",""," ","","","","","주거지역"
"3140000","CDFF3242051995000007","1995-11-26","          ","01","영업/정상","13","영업중","          ","          ","          ","","          ","서울특별시 양천구 신정동 294-29 지하1층","서울특별시 양천구 목동동로8길 7 (신정동)","08014","K2노래연습장","2024-04-18 13:34:06","I","2026-03-10 22:58:56","188492.562839176    ","446209.443633413    ","노래연습장업","유통관련업","","","","69.420000000","","","","","","6","3","N","N","N","Y","N","N","","",""," ","","","","",""
"3140000","CDFF3242051995000008","1995-12-23","          ","01","영업/정상","13","영업중","          ","          ","          ","26030055","          ","서울특별시 양천구 신월동 982-1 지하1층","서울특별시 양천구 신월로 117 (신월동)","08044","코리아나노래연습장","2022-06-14 14:02:26","I","2026-03-10 22:59:01","185496.702027441    ","446039.646305529    ","노래연습장업","유통관련업","","","","132.230000000","","","","","","6","3","N","N","N","Y","N","N","","",""," ","","","","",""
"3140000","CDFF3242051996000001","1996-01-11","          ","01","영업/정상","13","영업중","          ","          ","          ","26954883","          ","서울특별시 양천구 신월동 973-6","서울특별시 양천구 남부순환로70길 19 (신월동)","08040","수 노래연습장","2016-07-13 17:46:57","I","2026-03-10 22:59:06","185324.563960692    ","446594.893517371    ","노래연습장업","유통관련업","","","","109.090000000","","","","","","5","5","N","N","N","Y","N","N","","",""," ","","","","",""
"3140000","CDFF3242051996000005","1996-10-14","          ","01","영업/정상","13","영업중","          ","          ","          ","","          ","서울특별시 양천구 목동 792-6 지하1층","서울특별시 양천구 등촌로 28 (목동,지하1층)","07965","핑클노래연습장","2025-12-11 13:55:26","I","2026-03-10 22:59:24","187914.651103745    ","447822.890636349    ","노래연습장업","유통관련업","4","기타","","101.420000000","3","1","근린생활시설","","","5","5","N","N","N","Y","N","N","","",""," ","","","","","일반주거지역"
"3140000","CDFF3242051996000007","1996-12-16","          ","01","영업/정상","13","영업중","          ","          ","          ","26480084","          ","서울특별시 양천구 목동 613-9 지하1층","서울특별시 양천구 등촌로 224 (목동,지하1층)","07946","보이스노래연습장","2017-04-18 17:33:33","I","2026-03-10 22:59:34","187922.211864511    ","449706.807437882    ","노래연습장업","유통관련업","","주택가주변","","174.900000000","","","근린생활시설","","","10","","N","N","N","","N","N","","",""," ","","","","","주거지역"
"3140000","CDFF3242051997000001","1997-02-17","          ","01","영업/정상","13","영업중","          ","          ","          ","26466333","          ","서울특별시 양천구 신정동 1027-6 지하1층","서울특별시 양천구 신월로 332 (신정동,지하1층)","08082","해남노래연습장","2024-02-03 15:52:42","I","2026-03-10 22:59:38","187356.016718791    ","446592.198809348    ","노래연습장업","유통관련업","","","","135.870000000","","","","","","7","","N","N","N","","N","N","","",""," ","","","","",""
"3140000","CDFF3242051997000006","1997-05-26","          ","01","영업/정상","13","영업중","          ","          ","          ","26493011","          ","서울특별시 양천구 목동 405-281 지하1층","서울특별시 양천구 오목로 320 (목동,지하1층)","08005","JUNE코인노래연습장","2023-12-13 15:39:51","I","2026-03-10 23:00:01","188690.790967904    ","446936.943360589    ","노래연습장업","유통관련업","","","","125.970000000","","","","","","17","7","N","N","N","Y","N","N","","",""," ","","","","",""
"3140000","CDFF3242051997000007","1997-07-14","          ","01","영업/정상","13","영업중","          ","          ","          ","26887721","          ","서울특별시 양천구 신월동 145-2 2층","서울특별시 양천구 남부순환로 357-1 (신월동,2층)","07920","코러스II노래연습장","2022-06-09 10:41:07","I","2026-03-10 23:00:04","184836.453422661    ","448138.145960602    ","노래연습장업","유통관련업","","","","89.000000000","","","근린생활시설","","","7","1","N","N","N","Y","N","N","","",""," ","","","","","주거지역"
"3140000","CDFF3242051997000008","1997-10-18","          ","01","영업/정상","13","영업중","          ","          ","          ","","          ","서울특별시 양천구 목동 718-10 지하1층","서울특별시 양천구 목동중앙본로7길 48 (목동,지하1층)","07955","아자노래연습장","2025-12-11 14:09:15","I","2026-03-10 23:00:09","188088.108041167    ","448596.44170467     ","노래연습장업","유통관련업","","","","119.000000000","","","근린생활시설","","40","8","8","N","N","N","Y","Y","N","","",""," ","","","","",""
"3140000","CDFF3242051997000011","1997-12-27","          ","01","영업/정상","13","영업중","          ","          ","          ","","          ","서울특별시 양천구 신정동 202-5","서울특별시 양천구 목동남로4길 14 (신정동)","08104","승리노래연습장","2023-08-01 14:41:33","I","2026-03-10 23:00:20","188006.343688299    ","445166.926423154    ","노래연습장업","유통관련업","","","","132.230000000","","","","","","8","","N","N","N","","N","N","","",""," ","","","","",""
"3140000","CDFF3242051998000002","1998-02-16","          ","01","영업/정상","13","영업중","          ","          ","          ","","          ","서울특별시 양천구 신정동 173 지하1층","서울특별시 양천구 목동남로4길 54 (신정동)","08104","태양노래연습장","2013-07-17 18:03:58","I","2026-03-10 23:00:27","188197.618048109    ","445223.18708365     ","노래연습장업","유통관련업","","","","87.260000000","","","","","","5","1","N","N","N","Y","N","N","","",""," ","","","","",""
"3140000","CDFF3242051998000003","1998-03-04","2006-10-16","04","취소/말소/만료/정지/중지","31","등록취소","          ","          ","          ","26531922","158-803   ","서울특별시 양천구 목동 315-42","서울특별시 양천구 목동중앙본로 57  (목동)","     ","올스타노래연습장","2009-04-01 13:53:24","I","2026-03-10 23:00:31","188334.439886366    ","448773.305791621    ","노래연습장업","유통관련업","","","","140.040000000","","","근린생활시설","","","8","","N","N","N","","N","N","","",""," ","","","","",""
"3140000","CDFF3242051998000005","1998-03-27","          ","01","영업/정상","13","영업중","          ","          ","          ","26470947","          ","서울특별시 양천구 목동 791-1 지하1층","서울특별시 양천구 목동중앙서로7가길 31 (목동,지하1층)","07965","에코노래연습장","2021-01-11 20:06:22","I","2026-03-10 23:00:36","187952.685673153    ","447918.310985977    ","노래연습장업","유통관련업","","","","204.180000000","","","","","","9","2","N","N","N","Y","N","N","","",""," ","","","","",""
"3140000","CDFF3242051998000007","1998-08-24","          ","01","영업/정상","13","영업중","          ","          ","          ","26964849","          ","서울특별시 양천구 신월동 133-31 지하1층","서울특별시 양천구 곰달래로3길 30 (신월동)","07921","용성노래연습장","2022-04-22 09:25:23","I","2026-03-10 23:00:42","185139.819251415    ","447779.491209047    ","노래연습장업","유통관련업","","","","67.760000000","","","","","","5","","N","N","N","","N","N","","",""," ","","","","",""
"3140000","CDFF3242052002000024","2002-04-22","          ","03","폐업","03","폐업","2026-01-05","          ","          ","","          ","서울특별시 양천구 신정동 977-18 지하1층","서울특별시 양천구 신월로 317 (신정동,지하1층)","08027","미소노래연습장","2026-01-05 16:32:49","I","2026-03-10 23:11:01","187209.34081324     ","446621.765692618    ","노래연습장업","유통관련업","","","","133.900000000","","","","","","6","","N","N","N","","N","N","","",""," ","","","","",""
"3140000","CDFF3242051998000009","1998-11-28","          ","01","영업/정상","13","영업중","          ","          ","          ","","          ","서울특별시 양천구 신월동 64-1","서울특별시 양천구 화곡로 98 (신월동)","07907","아싸노래연습장","2023-11-03 09:02:15","I","2026-03-10 23:00:49","185161.944572585    ","448578.993501426    ","노래연습장업","유통관련업","","","","179.830000000","","","","","","11","6","N","N","N","Y","N","N","","",""," ","","","","",""
"3140000","CDFF3242051998000011","1998-12-31","          ","01","영업/정상","13","영업중","          ","          ","          ","26550117","          ","서울특별시 양천구 목동 616-1 지하1층","서울특별시 양천구 목동중앙북로 10 (목동,지하1층)","07950","카카노래연습장","2023-04-11 11:30:02","I","2026-03-10 23:00:56","187973.506057862    ","449577.544330613    ","노래연습장업","유통관련업","","기타","","176.530000000","","","근린생활시설","","","9","9","N","N","N","Y","N","N","","",""," ","","","","","주거지역"
"3140000","CDFF3242051999000002","1999-01-08","          ","01","영업/정상","13","영업중","          ","          ","          ","","          ","서울특별시 양천구 신정동 902-5 지하1층","서울특별시 양천구 신정중앙로 96 (신정동,지하1층)","07945","보이스노래연습장","2024-06-11 09:06:12","I","2026-03-10 23:01:02","187770.183062002    ","447121.22559988     ","노래연습장업","유통관련업","","","","220.830000000","","","","","","13","9","N","N","N","Y","N","N","","",""," ","","","","",""
"3140000","CDFF3242051999000006","1999-04-20","          ","01","영업/정상","13","영업중","          ","          ","          ","","          ","서울특별시 양천구 신월동 513-5","서울특별시 양천구 월정로 14 (신월동)","08028","아싸노래연습장","2024-10-22 14:53:02","I","2026-03-10 23:01:20","186131.044077479    ","446571.847789679    ","노래연습장업","유통관련업","","","","141.160000000","","","","","","5","","N","N","N","","N","N","","",""," ","","","","",""
"3140000","CDFF3242051999000011","1999-09-02","          ","01","영업/정상","13","영업중","          ","          ","          ","26050005","          ","서울특별시 양천구 신정동 903-13 지하1층","서울특별시 양천구 은행정로18길 20-1 (신정동,지하1층)","07945","준 노래연습장","2025-01-03 18:03:41","I","2026-03-10 23:01:39","187651.86281627     ","447114.602929339    ","노래연습장업","유통관련업","","","","190.680000000","","","근린생활시설","","","10","2","N","N","N","Y","N","N","","",""," ","","","","","주거지역"
"3140000","CDFF3242051999000012","1999-09-21","          ","01","영업/정상","13","영업중","          ","          ","          ","26519892","          ","서울특별시 양천구 신정동 1028-4 지하1층","서울특별시 양천구 신월로 320 (신정동,지하1층)","08082","삼박자노래연습장","2021-01-11 20:08:10","I","2026-03-10 23:01:42","187241.641102914    ","446575.501620137    ","노래연습장업","유통관련업","","","","124.260000000","","","근린생활시설","","","12","10","N","N","N","Y","N","N","","",""," ","","","","","주거지역"
"3140000","CDFF3242051999000014","1999-10-06","          ","01","영업/정상","13","영업중","          ","          ","          ","26951060","          ","서울특별시 양천구 신월동 225-17 지하1층","서울특별시 양천구 곰달래로 20 (신월동,지하1층)","07924","로망스노래연습장","2024-12-02 15:55:47","I","2026-03-10 23:01:48","185320.725486532    ","447502.359302121    ","노래연습장업","유통관련업","","","","132.000000000","","","","","","9","2","N","N","N","Y","N","N","","",""," ","","","","",""
"3140000","CDFF3242052000000001","2000-02-26","          ","01","영업/정상","13","영업중","          ","          ","          ","26963988","          ","서울특별시 양천구 신정동 947-5","서울특별시 양천구 오목로32길 4 (신정동)","08019","금잔디노래연습장","2025-04-23 15:16:58","I","2026-03-10 23:02:18","187068.444065071    ","446932.303126211    ","노래연습장업","유통관련업","","","","73.900000000","","","","","","5","1","N","N","N","Y","N","N","","",""," ","","","","",""
"3140000","CDFF3242052000000005","2000-09-30","          ","01","영업/정상","13","영업중","          ","          ","          ","","          ","서울특별시 양천구 신월동 148-6 지층","서울특별시 양천구 가로공원로 104 (신월동,지층)","07910","OK노래연습장","2022-03-15 18:02:35","I","2026-03-10 23:02:38","184679.867647534    ","448153.950391182    ","노래연습장업","유통관련업","5","주택가주변","","192.430000000","4","1","연립주택","","","9","9","N","N","N","Y","N","N","","",""," ","","","","","주거지역"
"3140000","CDFF3242052000000006","2000-10-13","          ","01","영업/정상","13","영업중","          ","          ","          ","","          ","서울특별시 양천구 목동 315-44 지층","서울특별시 양천구 목동중앙본로 53 (목동)","07954","행운노래연습장","2023-01-13 17:35:02","I","2026-03-10 23:02:45","188328.850750027    ","448734.692794962    ","노래연습장업","유통관련업","","주택가주변","","173.040000000","","1","근린생활시설","","","8","3","N","N","N","Y","N","N","","",""," ","","","","",""
"3140000","CDFF3242052000000007","2000-12-14","          ","01","영업/정상","13","영업중","          ","          ","          ","","          ","서울특별시 양천구 목동 788-16","서울특별시 양천구 등촌로 42-1 (목동)","07965","은하수노래연습장","2025-01-14 17:35:29","I","2026-03-10 23:02:50","187901.747468557    ","447951.518067703    ","노래연습장업","유통관련업","6","","","107.880000000","5","1","근린생활시설","","","4","1","N","N","N","Y","N","N","","",""," ","","","","",""
"3140000","CDFF3242052000000008","2000-12-23","          ","01","영업/정상","13","영업중","          ","          ","          ","26435909","          ","서울특별시 양천구 목동 610-21","서울특별시 양천구 목동중앙북로 25 (목동)","07946","테크노노래연습장","2023-11-20 14:11:53","I","2026-03-10 23:02:56","188121.050148333    ","449578.343746643    ","노래연습장업","유통관련업","5","아파트지역","","246.010000000","1","4","근린생활시설","","","9","2","N","N","N","Y","N","N","","",""," ","","","","","주거지역"
"3140000","CDFF3242052000000009","2000-12-23","          ","01","영업/정상","13","영업중","          ","          ","          ","26438593","          ","서울특별시 양천구 목동 602-12 지하1층","서울특별시 양천구 목동중앙북로7길 10 (목동,지하1층)","07947","MBC노래방","2025-06-05 13:25:00","I","2026-03-10 23:03:00","188208.933561686    ","449578.286440857    ","노래연습장업","유통관련업","5","","","109.070000000","4","1","근린생활시설","","","6","3","N","N","N","Y","N","N","","",""," ","","","","",""
"3140000","CDFF3242052001000006","2001-02-14","          ","01","영업/정상","13","영업중","          ","          ","          ","","          ","서울특별시 양천구 신정동 1183-13 3층","서울특별시 양천구 중앙로 255 (신정동,3층)","08073","테크노노래연습장","2024-07-26 17:53:34","I","2026-03-10 23:03:37","186938.775847937    ","446323.762835993    ","노래연습장업","유통관련업","","","","178.000000000","","","","","","10","4","N","N","N","Y","N","N","","",""," ","","","","",""
"3140000","CDFF3242052001000007","2001-03-07","          ","01","영업/정상","13","영업중","          ","          ","          ","26055033","          ","서울특별시 양천구 신월동 523-2","서울특별시 양천구 오목로 10 (신월동)","08032","앵콜노래방","2021-01-11 20:09:15","I","2026-03-10 23:03:44","185697.338143649    ","446556.736019057    ","노래연습장업","유통관련업","","","","132.230000000","","","근린생활시설","","","9","4","N","N","N","Y","N","N","","",""," ","","","","",""
"3140000","CDFF3242052001000015","2001-04-30","          ","01","영업/정상","13","영업중","          ","          ","          ","26421631","          ","서울특별시 양천구 목동 404-151 지하1층","서울특별시 양천구 신목로 90 (목동,지하1층)","08007","앵콜노래방","2015-01-28 10:04:32","I","2026-03-10 23:04:52","188892.040932506    ","446732.277348731    ","노래연습장업","유통관련업","","주택가주변","","182.310000000","","","근린생활시설","","","9","9","N","N","N","Y","N","N","","",""," ","","","","",""
"3140000","CDFF3242052001000016","2001-05-14","2008-07-25","04","취소/말소/만료/정지/중지","31","등록취소","          ","          ","          ","26035305","158-826   ","서울특별시 양천구 신월동 97-2","서울특별시 양천구 가로공원로 124  (신월동)","     ","까치노래방","2008-07-25 21:15:36","I","2026-03-10 23:04:59","184889.633488774    ","448188.440409164    ","노래연습장업","유통관련업","","","","169.250000000","","","근린생활시설","","","7","2","N","N","N","Y","N","N","","",""," ","","","","",""
"3140000","CDFF3242052001000018","2001-05-18","          ","01","영업/정상","13","영업중","          ","          ","          ","26948162","          ","서울특별시 양천구 신월동 510-2 지하1층","서울특별시 양천구 오목로 62, 지하1층 (신월동)","08028","파브노래연습장","2023-11-08 09:24:08","I","2026-03-10 23:05:19","186177.779559735    ","446691.913422209    ","노래연습장업","유통관련업","5","주택가주변","","160.280000000","4","1","근린생활시설","","","6","1","N","N","N","Y","N","N","","",""," ","","","","",""
"3140000","CDFF3242052001000019","2001-05-22","          ","01","영업/정상","13","영업중","          ","          ","          ","","          ","서울특별시 양천구 신정동 1190-6 지하1층","서울특별시 양천구 중앙로 269 (신정동,지하1층)","08058","히트노래방","2024-02-03 15:27:38","I","2026-03-10 23:05:28","186887.779001601    ","446481.970675579    ","노래연습장업","유통관련업","","","","99.170000000","","","근린생활시설","","","8","2","N","N","N","Y","N","N","","",""," ","","","","",""
"3140000","CDFF3242052001000023","2001-06-20","          ","01","영업/정상","13","영업중","          ","          ","          ","26446911","          ","서울특별시 양천구 신정동 1020-18 지하1층","서울특별시 양천구 은행정로2길 3 (신정동,지하1층)","08087","럭키노래연습장","2024-02-21 09:09:20","I","2026-03-10 23:05:59","187588.500786829    ","446495.472199187    ","노래연습장업","유통관련업","","","","114.040000000","","","","","","6","1","N","N","N","Y","N","N","","",""," ","","","","",""
"3140000","CDFF3242052001000024","2001-06-20","          ","01","영업/정상","13","영업중","          ","          ","          ","26084713","          ","서울특별시 양천구 신월동 550-5 지하1층","서울특별시 양천구 신월로 168 (신월동,지하1층)","08064","큐노래연습장","2023-07-18 09:49:36","I","2026-03-10 23:06:07","185983.856210213    ","446209.12310839     ","노래연습장업","유통관련업","","기타","","142.000000000","3","1","근린생활시설","","","8","7","N","N","N","Y","Y","N","","",""," ","","","","","주거지역"
"3140000","CDFF3242052001000026","2001-07-09","          ","01","영업/정상","13","영업중","          ","          ","          ","26420500","          ","서울특별시 양천구 목동 610-18 지하1층","서울특별시 양천구 목동중앙북로7길 5 (목동,지하1층)","07946","빙고노래연습장","2015-09-08 13:50:55","I","2026-03-10 23:06:19","188174.24937212     ","449578.800268858    ","노래연습장업","유통관련업","","","","138.000000000","","","근린생활시설","","","7","4","N","N","N","Y","N","N","","",""," ","","","","",""
"3140000","CDFF3242052001000030","2001-08-25","          ","01","영업/정상","13","영업중","          ","          ","          ","26432620","          ","서울특별시 양천구 목동 404-143 지하1층","서울특별시 양천구 목동동로12길 37 (목동)","08007","가자노래연습장","2020-05-26 10:37:26","I","2026-03-10 23:06:39","188909.289155316    ","446724.608105661    ","노래연습장업","유통관련업","","","","82.640000000","","","근린생활시설","","","7","1","N","N","N","Y","N","N","","",""," ","","","","",""
"3140000","CDFF3242052001000035","2001-09-27","2006-07-18","04","취소/말소/만료/정지/중지","30","허가취소","          ","          ","          ","","158-050   ","서울특별시 양천구 목동 923 세신프라자","서울특별시 양천구 목동서로 213  (목동,세신프라자)","     ","아싸노래연습장","2007-02-26 13:39:41","I","2026-03-10 23:07:01","188494.598982992    ","447318.660520705    ","노래연습장업","유통관련업","","","","134.080000000","","","근린생활시설","","","13","","N","N","N","N","N","N","","",""," ","","","","",""
"3140000","CDFF3242052001000036","2001-09-27","          ","01","영업/정상","13","영업중","          ","          ","          ","26444961","          ","서울특별시 양천구 목동 612-1 2층","서울특별시 양천구 목동중앙북로7가길 53, 2층 (목동)","07946","유토피아 노래연습장","2025-12-11 13:54:37","I","2026-03-10 23:07:06","187982.706132445    ","449719.212864443    ","노래연습장업","유통관련업","","주택가주변","","119.500000000","","","근린생활시설","","","5","0","N","N","N","","N","N","","",""," ","","","","","주거지역"
"3140000","CDFF3242052001000043","2001-12-08","          ","01","영업/정상","13","영업중","          ","          ","          ","","          ","서울특별시 양천구 목동 515 1층","서울특별시 양천구 공항대로 634 (목동,1층)","07968","팡팡노래방","2022-07-22 14:49:51","I","2026-03-10 23:07:59","188898.570471747    ","449388.09592117     ","노래연습장업","유통관련업","","","","132.230000000","","","근린생활시설","","","7","1","N","N","N","Y","N","N","","",""," ","","","","",""
"3140000","CDFF3242052001000044","2001-12-20","          ","01","영업/정상","13","영업중","          ","          ","          ","26971300","          ","서울특별시 양천구 신정동 908-15 지하1층","서울특별시 양천구 오목로 193 (신정동,지하1층)","07944","로데오노래연습장","2025-10-02 09:11:11","I","2026-03-10 23:08:05","187454.397352696    ","447053.343570561    ","노래연습장업","유통관련업","6","주택가주변","","128.700000000","","1","근린생활시설","","","7","1","N","N","N","Y","N","N","","",""," ","","","","",""
"3140000","CDFF3242052002000001","2002-01-15","          ","01","영업/정상","13","영업중","          ","          ","          ","26034213","          ","서울특별시 양천구 신월동 428-7 지하1층","서울특별시 양천구 월정로 53 (신월동,지하1층)","07930","신월노래연습장","2021-05-25 09:43:06","I","2026-03-10 23:08:24","185919.935903308    ","446920.163216996    ","노래연습장업","유통관련업","4","","","87.450000000","3","1","근린생활시설","","","5","1","N","N","N","Y","N","N","","",""," ","","","","",""
"3140000","CDFF3242052002000004","2002-01-23","          ","01","영업/정상","13","영업중","          ","          ","          ","","          ","서울특별시 양천구 신월동 444-12 지층","서울특별시 양천구 오목로 47 (신월동,지층)","07930","팔도노래연습장","2024-11-21 14:45:45","I","2026-03-10 23:08:45","186035.274763596    ","446691.759280012    ","노래연습장업","유통관련업","","주택가주변","","132.000000000","","1","근린생활시설","","","6","3","Y","Y","N","Y","N","Y","","",""," ","","","","","주거지역"
"3140000","CDFF3242052002000005","2002-01-25","          ","01","영업/정상","13","영업중","          ","          ","          ","26996200","          ","서울특별시 양천구 신월동 961-5","서울특별시 양천구 지양로 74 (신월동)","08039","파티파티노래방","2014-11-13 15:55:06","I","2026-03-10 23:08:51","185239.757650968    ","446682.446868663    ","노래연습장업","유통관련업","","주택가주변","","125.400000000","","","근린생활시설","","","7","4","N","N","N","Y","N","N","","",""," ","","","","","주거지역"
"3140000","CDFF3242052002000007","2002-02-05","          ","01","영업/정상","13","영업중","          ","          ","          ","26483888","          ","서울특별시 양천구 목동 404-97 지하1층","서울특별시 양천구 신목로2길 54 (목동)","08007","K ZONE(케이존) 코인노래연습장","2024-06-07 09:48:26","I","2026-03-10 23:09:05","189084.518748788    ","446709.33553595     ","노래연습장업","유통관련업","6","주택가주변","","116.360000000","5","1","근린생활시설","","","14","7","N","N","N","Y","N","N","","",""," ","","","","",""
"3140000","CDFF3242052002000008","2002-02-06","          ","01","영업/정상","13","영업중","          ","          ","          ","","          ","서울특별시 양천구 목동 513-22 지하1층","서울특별시 양천구 목동중앙북로 83-1 (목동,지하1층)","07968","파티파티노래연습장","2017-04-06 13:33:55","I","2026-03-10 23:09:13","188670.778116829    ","449371.189707845    ","노래연습장업","유통관련업","","주택가주변","","99.170000000","","","근린생활시설","","","8","4","N","N","N","Y","N","N","","",""," ","","","","",""
"3140000","CDFF3242052002000009","2002-02-08","          ","01","영업/정상","13","영업중","          ","          ","          ","26929496","          ","서울특별시 양천구 신월동 490-3 지층","서울특별시 양천구 오목로 55 (신월동,지층)","07936","갈채노래연습장","2018-03-20 13:20:03","I","2026-03-10 23:09:22","186121.290532155    ","446719.552809251    ","노래연습장업","유통관련업","","","","92.560000000","","","근린생활시설","","","5","1","Y","Y","N","Y","N","Y","","",""," ","","","","",""
"3140000","CDFF3242052002000010","2002-02-18","          ","01","영업/정상","13","영업중","          ","          ","          ","26995277","          ","서울특별시 양천구 신월동 137-21 지하1층","서울특별시 양천구 곰달래로5길 47 (신월동,지하1층)","07920","엔젤노래연습장","2022-11-17 15:54:41","I","2026-03-10 23:09:32","185105.240062346    ","447945.69682865     ","노래연습장업","유통관련업","4","기타","","96.060000000","3","1","근린생활시설","","","5","0","N","N","N","","N","N","","",""," ","","","","",""
"3140000","CDFF3242052002000011","2002-03-07","          ","01","영업/정상","13","영업중","          ","          ","          ","26499740","          ","서울특별시 양천구 목동 722-2","서울특별시 양천구 목동중앙남로11길 29 (목동)","07958","스타노래연습장","2025-12-11 14:08:19","I","2026-03-10 23:09:39","187931.482019672    ","448543.852499983    ","노래연습장업","유통관련업","","","","161.980000000","","","근린생활시설","","","9","2","N","N","N","Y","N","N","","",""," ","","","","",""
"3140000","CDFF3242052002000014","2002-03-12","          ","01","영업/정상","13","영업중","          ","          ","          ","","          ","서울특별시 양천구 신정동 129-19 지하1층","서울특별시 양천구 신목로2길 7-20 (신정동,지하1층)","08015","뽀뽀뽀노래연습장","2022-03-03 14:05:14","I","2026-03-10 23:10:00","188846.122119143    ","446263.793701921    ","노래연습장업","유통관련업","","","","82.640000000","","","","","","8","","N","N","N","","N","N","","",""," ","","","","",""
"3140000","CDFF3242052002000017","2002-03-27","          ","01","영업/정상","13","영업중","          ","          ","          ","26972497","          ","서울특별시 양천구 신정동 944-1 지하1층","서울특별시 양천구 오목로 128 (신정동)","08019","테마노래연습장","2025-06-19 18:05:07","I","2026-03-10 23:10:18","186832.328291348    ","446880.966770707    ","노래연습장업","유통관련업","","","","158.670000000","","","","","","8","","N","N","N","Y","N","N","","",""," ","","","","",""
"3140000","CDFF3242052002000018","2002-03-27","          ","01","영업/정상","13","영업중","          ","          ","          ","26552876","          ","서울특별시 양천구 목동 723-12","서울특별시 양천구 목동중앙남로11길 3 (목동)","07958","차차차노래연습장","2024-02-22 10:51:17","I","2026-03-10 23:10:26","188065.613157022    ","448555.379259599    ","노래연습장업","유통관련업","","주택가주변","","112.000000000","","","근린생활시설","","","5","2","N","N","N","","N","N","","",""," ","","","","","주거지역"
"3140000","CDFF3242052002000020","2002-04-02","          ","01","영업/정상","13","영업중","          ","          ","          ","26959142","          ","서울특별시 양천구 신월동 991-3 지하1층","서울특별시 양천구 지양로 36 (신월동,지하1층)","08041","올포유 노래연습장","2025-09-19 15:17:29","I","2026-03-10 23:10:38","185450.470242976    ","446388.386930121    ","노래연습장업","유통관련업","","","","138.920000000","","","근린생활시설","","","6","2","N","N","N","Y","N","N","","",""," ","","","","",""
"3140000","CDFF3242052002000022","2002-04-08","          ","01","영업/정상","13","영업중","          ","          ","          ","","          ","서울특별시 양천구 목동 612-6 2층","서울특별시 양천구 목동중앙북로7가길 55 (목동,2층)","07946","톱스타노래연습장","2025-12-11 14:09:50","I","2026-03-10 23:10:49","187963.222336472    ","449722.378668012    ","노래연습장업","유통관련업","","","","158.670000000","","","","","","7","2","N","N","N","Y","N","N","","",""," ","","","","",""
"3140000","CDFF3242052002000023","2002-04-16","          ","01","영업/정상","13","영업중","          ","          ","          ","","          ","서울특별시 양천구 신정동 886-10 지하1층","서울특별시 양천구 신정중앙로 83 (신정동)","07938","정든노래연습장","2023-07-18 13:18:41","I","2026-03-10 23:10:54","187653.159336651    ","447184.568776027    ","노래연습장업","유통관련업","","","","127.500000000","","","","","","12","2","N","N","N","Y","N","N","","",""," ","","","","",""
"3140000","CDFF3242052002000025","2002-04-25","          ","01","영업/정상","13","영업중","          ","          ","          ","26516282","          ","서울특별시 양천구 신정동 203-6","서울특별시 양천구 목동남로4길 17 (신정동)","08101","주얼리노래연습장","2025-03-31 17:45:39","I","2026-03-10 23:11:07","188022.402432252    ","445202.600824056    ","노래연습장업","유통관련업","","","","56.190000000","","","","","","7","","N","N","N","","N","N","","",""," ","","","","",""
"3140000","CDFF3242052002000026","2002-04-25","          ","01","영업/정상","13","영업중","          ","          ","          ","26085575","          ","서울특별시 양천구 신정동 971-19 2층","서울특별시 양천구 중앙로 292-1 (신정동,2층)","08026","특급노래방","2016-03-11 15:21:49","I","2026-03-10 23:11:12","186854.220453018    ","446699.193583961    ","노래연습장업","유통관련업","","","","104.040000000","","","","","","6","2","N","N","N","Y","N","N","","",""," ","","","","",""
"3140000","CDFF3242052002000028","2002-04-29","          ","01","영업/정상","13","영업중","          ","          ","          ","","          ","서울특별시 양천구 신월동 1002-3 지하1층","서울특별시 양천구 신월로 124 (신월동,지하1층)","08047","신나네노래연습장","2022-03-04 09:25:43","I","2026-03-10 23:11:23","185586.445641247    ","446018.063168796    ","노래연습장업","유통관련업","4","주택가주변","","99.170000000","3","1","근린생활시설","","","5","2","Y","Y","N","Y","N","Y","","",""," ","","","","",""
"3140000","CDFF3242052002000030","2002-05-06","          ","01","영업/정상","13","영업중","          ","          ","          ","","          ","서울특별시 양천구 신월동 227-5 지하1층","서울특별시 양천구 곰달래로 40 (신월동)","07925","SBS노래연습장","2024-12-13 10:29:20","I","2026-03-10 23:11:34","185539.948232115    ","447524.914229034    ","노래연습장업","유통관련업","5","","","120.330000000","4","1","근린생활시설","","","5","1","N","N","N","Y","N","N","","",""," ","","","","",""
"3140000","CDFF3242052002000034","2002-05-15","          ","01","영업/정상","13","영업중","          ","          ","          ","070-4833-3837","          ","서울특별시 양천구 신월동 122-15","서울특별시 양천구 곰달래로 25, 지층 (신월동)","07923","명품노래연습장","2023-07-18 09:52:12","I","2026-03-10 23:12:01","185398.814014343    ","447554.222430098    ","노래연습장업","유통관련업","4","주택가주변","","105.780000000","3","1","근린생활시설","","","6","2","N","N","N","","N","N","","",""," ","","","","","주거지역"
"3140000","CDFF3242052002000035","2002-05-16","          ","01","영업/정상","13","영업중","          ","          ","          ","","          ","서울특별시 양천구 신정동 907-9","서울특별시 양천구 오목로 203-2 (신정동)","07945","노라 노래연습장","2022-09-15 09:05:24","I","2026-03-10 23:12:10","187555.308991608    ","447090.289776993    ","노래연습장업","유통관련업","","주택가주변","","85.950000000","","","근린생활시설","","","4","1","N","N","N","Y","N","N","","",""," ","","","","",""
"3140000","CDFF3242052002000038","2002-05-29","          ","01","영업/정상","13","영업중","          ","          ","          ","","          ","서울특별시 양천구 목동 731-10 지하1층","서울특별시 양천구 등촌로 66 (목동)","07959","수 노래연습장","2022-09-22 17:37:18","I","2026-03-10 23:12:29","187887.417719627    ","448190.622911098    ","노래연습장업","유통관련업","","주택가주변","","92.400000000","","","근린생활시설","","","5","1","N","N","N","Y","N","N","","",""," ","","","","",""
"3140000","CDFF3242052002000039","2002-05-30","          ","01","영업/정상","13","영업중","          ","          ","          ","26532353","          ","서울특별시 양천구 신정동 1019-3 지하1층","서울특별시 양천구 은행정로4길 1 (신정동,지하1층)","08087","쎄븐노래연습장","2021-01-11 20:15:16","I","2026-03-10 23:12:34","187560.214157365    ","446550.590660808    ","노래연습장업","유통관련업","","기타","","105.780000000","","","근린생활시설","","","5","","N","N","N","","N","N","","",""," ","","","","","주거지역"
"3140000","CDFF3242052002000041","2002-06-07","          ","01","영업/정상","13","영업중","          ","          ","          ","26987569","          ","서울특별시 양천구 신정동 1148-2 지하1층","서울특별시 양천구 중앙로 235 (신정동,지하1층)","08077","MBC노래연습장","2022-06-07 11:15:34","I","2026-03-10 23:12:45","187007.685          ","446135.935          ","노래연습장업","유통관련업","","기타","","132.210000000","","","근린생활시설","","","7","2","N","N","N","Y","N","N","","",""," ","","","","",""
"3140000","CDFF3242052002000044","2002-06-15","          ","01","영업/정상","13","영업중","          ","          ","          ","","          ","서울특별시 양천구 목동 791-9 지하1층","서울특별시 양천구 목동중앙서로 5 (목동)","07965","메카노래연습장","2025-12-24 14:28:04","I","2026-03-10 23:12:57","187952.738760636    ","447831.239150554    ","노래연습장업","유통관련업","","","","119.340000000","","","","","","6","2","N","N","N","Y","N","N","","",""," ","","","","",""
"3140000","CDFF3242052002000045","2002-06-17","          ","01","영업/정상","13","영업중","          ","          ","          ","","          ","서울특별시 양천구 신월동 549-2","서울특별시 양천구 신월로 152 (신월동)","08065","서울노래연습장","2019-11-12 09:39:17","I","2026-03-10 23:13:00","185850.112362387    ","446113.864571424    ","노래연습장업","유통관련업","","기타","","159.660000000","","","근린생활시설","","","7","3","N","N","N","Y","N","N","","",""," ","","","","","주거지역"
"3140000","CDFF3242052002000046","2002-06-17","          ","01","영업/정상","13","영업중","          ","          ","          ","","          ","서울특별시 양천구 신월동 544-9 지층","서울특별시 양천구 신월로 165 (신월동,지층)","08031","팡팡노래연습장","2023-12-28 15:50:55","I","2026-03-10 23:13:05","185943.889483219    ","446243.158506473    ","노래연습장업","유통관련업","5","기타","","105.000000000","4","1","근린생활시설","","","9","4","N","N","N","Y","N","N","","",""," ","","","","","주거지역"
"3140000","CDFF3242052002000047","2002-06-17","          ","01","영업/정상","13","영업중","          ","          ","          ","26960069","          ","서울특별시 양천구 신월동 933-2","서울특별시 양천구 지양로 87 (신월동)","08037","특급노래연습장","2024-07-25 21:00:40","I","2026-03-10 23:13:10","185104.517731789    ","446744.979167249    ","노래연습장업","유통관련업","5","기타","","250.480000000","4","1","근린생활시설","","","16","10","N","N","N","Y","N","N","","",""," ","","","","",""
"3140000","CDFF3242052002000051","2002-06-21","          ","01","영업/정상","13","영업중","          ","          ","          ","","          ","서울특별시 양천구 신정동 976-12 지하1층","서울특별시 양천구 신월로 303 (신정동,지하1층)","08027","유성노래연습장","2025-06-18 15:16:08","I","2026-03-10 23:13:35","187086.000566034    ","446599.337231584    ","노래연습장업","유통관련업","3","기타","","184.130000000","","1","근린생활시설","","","8","","N","N","N","","N","N","","",""," ","","","","",""
"3140000","CDFF3242052002000053","2002-07-03","          ","01","영업/정상","13","영업중","          ","          ","          ","26936595","          ","서울특별시 양천구 신월동 79-20 지층","서울특별시 양천구 화곡로4길 23-1 (신월동,지층)","07905","선구자노래연습장","2018-04-04 09:40:31","I","2026-03-10 23:13:46","184763.031172812    ","448369.853893949    ","노래연습장업","유통관련업","","기타","","148.760000000","","","근린생활시설","","","7","3","N","N","N","Y","N","N","","",""," ","","","","",""
"3140000","CDFF3242052002000054","2002-07-09","          ","01","영업/정상","13","영업중","          ","          ","          ","","          ","서울특별시 양천구 신월동 427-10 지하1층","서울특별시 양천구 월정로 57 (신월동)","07929","훼밀리노래연습장","2025-10-18 13:47:18","I","2026-03-10 23:13:51","185911.857581422    ","446940.87715292     ","노래연습장업","유통관련업","","기타","","92.700000000","","","근린생활시설","","","5","1","N","N","N","","N","N","","",""," ","","","","",""
"3140000","CDFF3242052002000055","2002-07-11","          ","01","영업/정상","13","영업중","          ","          ","          ","26010802","          ","서울특별시 양천구 신월동 23-17 지층","서울특별시 양천구 화곡로 103 (신월동,지층)","07903","브이아이피노래연습장","2019-05-09 16:19:06","I","2026-03-10 23:13:57","185197.99383991     ","448649.142096179    ","노래연습장업","유통관련업","","기타","","91.000000000","","","근린생활시설","","","6","0","N","N","N","","","N","","",""," ","","","","",""
"3140000","CDFF3242052002000058","2002-07-25","          ","01","영업/정상","13","영업중","          ","          ","          ","26061624","          ","서울특별시 양천구 신월동 133-7 지하1층","서울특별시 양천구 곰달래로5길 31 (신월동)","07921","쟁반노래연습장","2023-11-08 17:07:43","I","2026-03-10 23:14:13","185177.406412652    ","447798.564935702    ","노래연습장업","유통관련업","","기타","","99.000000000","","","근린생활시설","","","4","0","Y","Y","N","","N","N","","",""," ","","","","","주거지역"
"3140000","CDFF3242052002000059","2002-07-31","2015-04-16","04","취소/말소/만료/정지/중지","31","등록취소","          ","          ","          ","","          ","서울특별시 양천구 신월동 110-18 지하1층","서울특별시 양천구 곰달래로5길 26 (신월동,지하1층)","     ","뉴서울노래연습장","2015-05-18 17:58:56","I","2026-03-10 23:14:18","185231.4166243      ","447755.474678175    ","노래연습장업","유통관련업","","","","99.170000000","","","근린생활시설","","","5","1","N","N","N","Y","N","N","","",""," ","","","","","주거지역"
"3140000","CDFF3242052002000062","2002-08-12","          ","01","영업/정상","13","영업중","          ","          ","          ","26435150","          ","서울특별시 양천구 신정동 902-1 지하1층","서울특별시 양천구 신정중앙로 90 (신정동,지하1층)","07945","파티파티노래연습장","2025-04-02 18:14:10","I","2026-03-10 23:14:35","187700.179587787    ","447132.165539967    ","노래연습장업","유통관련업","4","주택가주변","","141.930000000","","1","근린생활시설","","","8","6","N","N","N","Y","N","N","","",""," ","","","","",""
"3140000","CDFF3242052002000063","2002-08-20","          ","01","영업/정상","13","영업중","          ","          ","          ","26960873","          ","서울특별시 양천구 신정동 977-14 지하1층","서울특별시 양천구 은행정로7길 27 (신정동,지하1층)","08027","만남노래연습장","2024-04-09 13:26:28","I","2026-03-10 23:14:44","187247.407533171    ","446653.269804722    ","노래연습장업","유통관련업","","기타","","66.110000000","","","근린생활시설","","","5","2","N","N","N","Y","N","N","","",""," ","","","","",""
"3140000","CDFF3242052002000064","2002-08-22","          ","01","영업/정상","13","영업중","          ","          ","          ","","          ","서울특별시 양천구 신정동 282-12","서울특별시 양천구 목동동로8길 27 (신정동)","08017","SBS노래연습장","2019-10-10 09:20:39","I","2026-03-10 23:14:52","188589.393357723    ","446035.845091931    ","노래연습장업","유통관련업","","","","132.230000000","","","","","","8","5","N","N","N","Y","N","N","","",""," ","","","","",""
"3140000","CDFF3242052002000065","2002-08-26","          ","01","영업/정상","13","영업중","          ","          ","          ","26015649","          ","서울특별시 양천구 신정동 888-42 지하1층","서울특별시 양천구 목동로23길 1 (신정동,지하1층)","07938","꼭지점노래연습장","2024-06-10 10:20:38","I","2026-03-10 23:15:02","187843.663707082    ","447210.382200643    ","노래연습장업","유통관련업","","","","110.610000000","","","","","","7","1","N","N","N","Y","N","N","","",""," ","","","","",""
"3140000","CDFF3242052002000068","2002-09-10","          ","01","영업/정상","13","영업중","          ","          ","          ","","          ","서울특별시 양천구 목동 406-25 지하1층","서울특별시 양천구 목동동로 266 (목동,지하1층)","07999","현대노래연습장","2022-03-07 14:59:13","I","2026-03-10 23:15:33","188920.960365759    ","447051.986922352    ","노래연습장업","유통관련업","6","주택가주변","","117.860000000","5","1","근린생활시설","","","6","2","N","N","N","Y","N","N","","",""," ","","","","",""
"3140000","CDFF3242052002000069","2002-09-11","          ","01","영업/정상","13","영업중","          ","          ","          ","26965497","          ","서울특별시 양천구 신월동 97-1 지하1층","서울특별시 양천구 가로공원로 122 (신월동,지하1층)","07917","파랑새노래연습장","2022-09-07 11:27:09","I","2026-03-10 23:15:41","184867.739383378    ","448186.71968632     ","노래연습장업","유통관련업","","기타","","140.520000000","","","근린생활시설","","","7","","N","N","N","","N","N","","",""," ","","","","","주거지역"
"3140000","CDFF3242052002000072","2002-10-01","          ","01","영업/정상","13","영업중","          ","          ","          ","","          ","서울특별시 양천구 신월동 517-7 2층","서울특별시 양천구 오목로 38-1 (신월동,2층)","08029","당신의노래연습장","2021-10-08 15:29:29","I","2026-03-10 23:16:14","185953.667384955    ","446626.987266619    ","노래연습장업","유통관련업","4","기타","","99.170000000","3","1","근린생활시설","","","9","4","N","N","N","Y","N","N","","",""," ","","","","","주거지역"
"3140000","CDFF3242052002000073","2002-10-05","          ","01","영업/정상","13","영업중","          ","          ","          ","26984747","          ","서울특별시 양천구 신정동 888-45 2통1반 지하1층","서울특별시 양천구 신정중앙로23길 5 (신정동, 지하1층)","07938","모델노래방","2025-02-10 10:25:01","I","2026-03-10 23:16:25","187854.243544096    ","447181.131122656    ","노래연습장업","유통관련업","","","","112.740000000","","","근린생활시설","","","6","1","N","N","N","Y","N","N","","",""," ","","","","",""
"3140000","CDFF3242052002000074","2002-10-05","          ","01","영업/정상","13","영업중","          ","          ","          ","26945089","          ","서울특별시 양천구 신월동 931-1 지하1층","서울특별시 양천구 지양로 75 (신월동,지하1층)","08037","우성노래연습장","2022-10-17 18:04:05","I","2026-03-10 23:16:35","185195.750311335    ","446675.50089973     ","노래연습장업","유통관련업","","","","161.000000000","","","근린생활시설","","","7","4","N","N","N","Y","N","N","","",""," ","","","","","주거지역"
"3140000","CDFF3242052002000076","2002-10-15","          ","01","영업/정상","13","영업중","          ","          ","          ","","          ","서울특별시 양천구 신정동 908-23 지하1층","서울특별시 양천구 오목로 183 (신정동)","07944","해피노래연습장","2018-06-15 09:23:08","I","2026-03-10 23:16:54","187354.908215779    ","447032.23896739     ","노래연습장업","유통관련업","","주택가주변","","128.920000000","","1","","","","8","3","N","N","N","Y","N","N","","",""," ","","","","",""
"3140000","CDFF3242052002000078","2002-11-28","          ","04","취소/말소/만료/정지/중지","30","허가취소","          ","          ","          ","","158-860   ","서울특별시 양천구 신정동 977-16","서울특별시 양천구 신월로 321  (신정동)","     ","궁전노래연습장","2005-04-12 18:03:30","I","2026-03-10 23:17:10","187244.552928692    ","446626.599997855    ","노래연습장업","유통관련업","3","주택가주변","","135.000000000","","1","근린생활시설","","","9","","N","N","N","N","N","N","","",""," ","","","","","주거지역"
"3140000","CDFF3242052002000079","2002-12-11","          ","01","영업/정상","13","영업중","          ","          ","          ","","          ","서울특별시 양천구 신정동 903-19 지하1층","서울특별시 양천구 오목로 215 (신정동)","07945","MBC노래연습장","2024-06-17 09:17:24","I","2026-03-10 23:17:20","187680.23882204     ","447084.896865409    ","노래연습장업","유통관련업","5","","","129.960000000","","1","근린생활시설","","","5","3","N","N","N","Y","N","N","","",""," ","","","","","주거지역"
"3140000","CDFF3242052002000081","2002-12-05","          ","01","영업/정상","13","영업중","          ","          ","          ","02-2646-5739","          ","서울특별시 양천구 목동 406-316 지하1층","서울특별시 양천구 신목로 119 (목동,지하1층)","07999","오목노래연습장","2024-12-12 09:44:56","I","2026-03-10 23:17:39","188994.188904759    ","446989.957415383    ","노래연습장업","유통관련업","","","","131.850000000","","","","","","5","1","N","N","N","Y","N","N","","",""," ","","","","",""
"3140000","CDFF3242052003000001","2003-01-03","          ","01","영업/정상","13","영업중","          ","          ","          ","26979022","          ","서울특별시 양천구 신월동 537-6 지하1층","서울특별시 양천구 신월로15길 2 (신월동,지하1층)","08030","파티파티노래연습장","2025-12-11 14:12:26","I","2026-03-10 23:17:51","185980.04646121     ","446313.189516294    ","노래연습장업","유통관련업","","기타","","316.800000000","","","근린생활시설","","","12","6","N","N","N","Y","N","N","","",""," ","","","","","일반상업지역"
"3140000","CDFF3242052003000002","2003-01-21","          ","01","영업/정상","13","영업중","          ","          ","          ","26030038","          ","서울특별시 양천구 신월동 116-14 지하1층","서울특별시 양천구 월정로 137 (신월동,지하1층)","07923","HERA노래연습장","2016-07-22 15:31:50","I","2026-03-10 23:17:58","185562.951924004    ","447671.835790408    ","노래연습장업","유통관련업","5","기타","","117.660000000","4","1","근린생활시설","","","6","1","N","N","N","Y","N","N","","",""," ","","","","","일반상업지역"
"3140000","CDFF3242052003000006","2003-06-02","          ","01","영업/정상","13","영업중","          ","          ","          ","26992546","          ","서울특별시 양천구 신월동 932-1 지하1층","서울특별시 양천구 지양로 79 (신월동,지하1층)","08037","카네기노래연습장","2024-12-03 20:33:14","I","2026-03-10 23:18:30","185164.274611167    ","446701.013450812    ","노래연습장업","유통관련업","","주택가주변","","125.050000000","","","근린생활시설","","","6","2","N","N","N","Y","N","N","","",""," ","","","","","일반상업지역"
"3140000","CDFF3242052003000009","2003-07-16","          ","01","영업/정상","13","영업중","          ","          ","          ","","          ","서울특별시 양천구 신월동 234-10 지하1층","서울특별시 양천구 곰달래로14길 14 (신월동,지하1층)","07925","엔돌핀노래연습장","2022-04-06 09:01:53","I","2026-03-10 23:19:03","185613.709250471    ","447422.896205504    ","노래연습장업","유통관련업","5","기타","","82.500000000","4","1","근린생활시설","","","5","1","N","N","N","Y","N","N","","",""," ","","","","","일반상업지역"
"3140000","CDFF3242052003000010","2003-08-01","          ","01","영업/정상","13","영업중","          ","          ","          ","02-2602-5881","          ","서울특별시 양천구 신월동 116-33 지하1층","서울특별시 양천구 월정로 127 (신월동,지하1층)","07923","채플린노래연습장","2018-05-04 17:25:47","I","2026-03-10 23:19:09","185604.613874768    ","447587.546195814    ","노래연습장업","유통관련업","4","기타","","120.960000000","3","1","근린생활시설","","","6","4","N","N","N","","N","N","","",""," ","","","","","일반상업지역"
"3140000","CDFF3242052003000011","2003-08-14","          ","01","영업/정상","13","영업중","          ","          ","          ","26057164","          ","서울특별시 양천구 신정동 1179-16 지하1층","서울특별시 양천구 중앙로29길 8-1 (신정동)","08074","스타노래연습장","2015-09-07 13:13:24","I","2026-03-10 23:19:17","                    ","                    ","노래연습장업","유통관련업","3","주택가주변","","135.160000000","","1","근린생활시설","","","7","1","N","N","N","Y","N","N","","",""," ","","","","","주거지역"
"3140000","CDFF3242052003000019","2003-11-10","          ","01","영업/정상","13","영업중","          ","          ","          ","26907373","          ","서울특별시 양천구 신월동 951-1 지하1층","서울특별시 양천구 지양로 73 (신월동,지하1층)","08038","MBC노래연습장","2022-10-04 09:03:20","I","2026-03-10 23:20:43","185217.66421614     ","446651.807448516    ","노래연습장업","유통관련업","3","","","99.150000000","","1","근린생활시설","","","6","3","N","N","N","Y","N","N","","",""," ","","","","","일반주거지역"
"3140000","CDFF3242052003000021","2003-11-15","          ","01","영업/정상","13","영업중","          ","          ","          ","26450684","          ","서울특별시 양천구 목동 406-68 지하1층","서울특별시 양천구 오목로 313-7 (목동,지하1층)","08000","스타노래연습장","2025-09-10 17:08:31","I","2026-03-10 23:21:05","188651.920733513    ","447058.617853192    ","노래연습장업","유통관련업","6","주택가주변","","111.220000000","5","1","근린생활시설","","","6","0","N","N","N","","N","N","","",""," ","","","","","일반주거지역"
"3140000","CDFF3242052003000022","2003-11-24","          ","01","영업/정상","13","영업중","          ","          ","          ","26992625","          ","서울특별시 양천구 신월동 23-14 지층","서울특별시 양천구 화곡로 105 (신월동,지층)","07903","소나타노래연습장","2021-11-02 14:10:54","I","2026-03-10 23:21:15","185219.063117975    ","448660.569381106    ","노래연습장업","유통관련업","4","","","62.000000000","","1","근린생활시설","","","4","0","N","N","N","","N","N","","",""," ","","","","",""
"3140000","CDFF3242052003000023","2003-12-05","          ","01","영업/정상","13","영업중","          ","          ","          ","","          ","서울특별시 양천구 신정동 885-17 2층","서울특별시 양천구 신정중앙로 67 (신정동,2층)","07938","채플린노래연습장신정점","2020-10-05 13:40:16","I","2026-03-10 23:21:25","187501.773031293    ","447215.681564812    ","노래연습장업","유통관련업","6","주택가주변","","215.740000000","1","5","근린생활시설","","","8","2","N","N","N","Y","N","N","","",""," ","","","","","주거지역"
"3140000","CDFF3242052003000024","2003-12-16","          ","01","영업/정상","13","영업중","          ","          ","          ","26480770","          ","서울특별시 양천구 신정동 1026-4 지하1층","서울특별시 양천구 신월로 348  (신정동,지하1층)","08086","백십일노래연습장","2011-06-09 11:01:08","I","2026-03-10 23:21:32","187517.19988666     ","446609.178240389    ","노래연습장업","유통관련업","7","주택가주변","","240.400000000","5","2","근린생활시설","","","11","3","Y","Y","Y","Y","Y","Y","","",""," ","","","","","일반주거지역"
"3140000","CDFF3242052003000026","2003-01-07","          ","01","영업/정상","13","영업중","          ","          ","          ","26473013","          ","서울특별시 양천구 목동 613-5 지하1층","서울특별시 양천구 목동중앙북로 3 (목동,지하1층)","07946","파티파티노래연습장","2023-10-31 17:32:39","I","2026-03-10 23:21:53","187916.262445693    ","449629.868996021    ","노래연습장업","유통관련업","","","","177.900000000","","","","","","8","5","N","N","N","Y","N","N","","",""," ","","","","",""
"3140000","CDFF3242052004000002","2004-01-02","          ","01","영업/정상","13","영업중","          ","          ","          ","26477399","          ","서울특별시 양천구 목동 527-3","서울특별시 양천구 목동중앙북로16길 2 (목동)","07972","골드노래연습장","2023-09-06 14:02:12","I","2026-03-10 23:22:19","188759.604988533    ","449326.923464238    ","노래연습장업","유통관련업","4","주택가주변","","76.750000000","3","1","근린생활시설","","","6","2","N","N","N","Y","N","N","","",""," ","","","","","일반주거지역"
"3140000","CDFF3242052004000003","2004-01-20","          ","01","영업/정상","13","영업중","          ","          ","          ","","          ","서울특별시 양천구 목동 794-1 2층","서울특별시 양천구 목동중앙서로 6 (목동)","07966","용가리노래연습장","2022-03-11 08:59:28","I","2026-03-10 23:22:32","187959.175235751    ","447799.743285786    ","노래연습장업","유통관련업","4","주택가주변","","128.930000000","3","1","근린생활시설","","","6","1","N","N","N","Y","N","N","","",""," ","","","","","일반주거지역"
"3140000","CDFF3242052004000004","2004-03-04","          ","01","영업/정상","13","영업중","          ","          ","          ","26426755","          ","서울특별시 양천구 목동 406-271 지하-105호","서울특별시 양천구 오목로 337-10 (목동,지하-105호)","07999","SBS노래연습장","2024-02-13 13:22:52","I","2026-03-10 23:22:48","188918.557157522    ","447009.593471943    ","노래연습장업","유통관련업","9","아파트지역","","189.100000000","6","3","근린생활시설","","","10","3","N","N","N","Y","N","N","","",""," ","","","","","상업지역"
"3140000","CDFF3242052004000005","2004-03-04","          ","01","영업/정상","13","영업중","          ","          ","          ","","          ","서울특별시 양천구 신월동 537-7 지하1층","서울특별시 양천구 신월로 173 (신월동)","08030","궁전노래연습장","2025-12-11 14:03:51","I","2026-03-10 23:22:59","185987.773852089    ","446289.261283368    ","노래연습장업","유통관련업","4","","","322.160000000","","1","근린생활시설","","","19","5","N","N","N","Y","N","N","","",""," ","","","","",""
"3140000","CDFF3242052004000006","2004-03-16","          ","01","영업/정상","13","영업중","          ","          ","          ","02-2607-4737","          ","서울특별시 양천구 신월동 55-17","서울특별시 양천구 화곡로4길 17 (신월동)","07904","질러봐노래연습장","2022-06-16 09:38:39","I","2026-03-10 23:23:07","184730.055511502    ","448429.201334334    ","노래연습장업","유통관련업","6","주택가주변","","134.000000000","","1","근린생활시설","1","40","7","7","Y","Y","Y","Y","Y","Y","","",""," ","","","","","주거지역"
"3140000","CDFF3242052004000007","2004-06-11","          ","01","영업/정상","13","영업중","          ","          ","          ","26450679","          ","서울특별시 양천구 목동 750-4 목동프라자 201호 2층","서울특별시 양천구 목동중앙본로 36 (목동,목동프라자 201호 2층)","07975","씽씽노래연습장","2021-01-11 20:20:21","I","2026-03-10 23:23:12","188385.252127565    ","448602.31391206     ","노래연습장업","유통관련업","7","학교정화(상대)","","128.150000000","6","1","근린생활시설","1","60","7","3","N","Y","Y","Y","Y","Y","","",""," ","","","","","주거지역"
"3140000","CDFF3242052004000012","2004-11-29","          ","01","영업/정상","13","영업중","          ","          ","          ","","          ","서울특별시 양천구 신정동 1009-6 새암들빌딩 지하1층101,102,113호","서울특별시 양천구 신월로 389 (신정동)","08023","준노래연습장","2012-07-20 18:16:14","I","2026-03-10 23:24:20","187925.667553697    ","446739.797762899    ","노래연습장업","유통관련업","15","학교정화(상대)","","269.380000000","9","6","근린생활시설","","","11","2","N","N","N","Y","N","N","","",""," ","","","","","일반주거지역"
"3140000","CDFF3242052005000001","2005-01-11","2009-07-16","04","취소/말소/만료/정지/중지","31","등록취소","          ","          ","          ","26905512","          ","서울특별시 양천구 신월동 81-3 2층","서울특별시 양천구 가로공원로 121  (신월동,2층)","     ","짱노래연습장","2009-07-27 16:46:04","I","2026-03-10 23:25:09","184849.685333553    ","448255.971068103    ","노래연습장업","유통관련업","5","","","143.000000000","4","1","근린생활시설","","","8","1","N","N","N","Y","N","N","","",""," ","","","","",""
"3140000","CDFF3242052005000002","2005-02-11","          ","01","영업/정상","13","영업중","          ","          ","          ","","          ","서울특별시 양천구 신월동 961-1","서울특별시 양천구 지양로 64 (신월동)","08039","킹노래연습장","2022-05-26 16:08:55","I","2026-03-10 23:25:15","185278.654336549    ","446599.42684367     ","노래연습장업","유통관련업","5","주택가주변","","165.170000000","4","1","근린생활시설","","","6","3","N","N","N","","N","N","","",""," ","","","","",""
"3140000","CDFF3242052005000003","2005-04-04","          ","01","영업/정상","13","영업중","          ","          ","          ","26956679","          ","서울특별시 양천구 신정동 1006-1 지하1층","서울특별시 양천구 오목로50길 23 (신정동, 지하1층)","08023","파티파티노래연습장","2026-02-04 09:37:39","I","2026-03-10 23:25:21","187940.112783536    ","446864.869823539    ","노래연습장업","유통관련업","","","","178.000000000","","","","","","7","","N","N","N","","N","N","","",""," ","","","","",""
"3140000","CDFF3242052005000007","2005-07-21","          ","01","영업/정상","13","영업중","          ","          ","          ","26047277","          ","서울특별시 양천구 신정동 994-1 지하1층","서울특별시 양천구 오목로 236 (신정동)","08022","올래노래연습장","2026-01-20 13:52:06","I","2026-03-10 23:25:56","187883.033087871    ","447079.400449726    ","노래연습장업","유통관련업","","","","125.280000000","","","","","","5","3","N","N","N","Y","N","N","","",""," ","","","","",""
"3140000","CDFF3242052005000009","2005-09-01","          ","01","영업/정상","13","영업중","          ","          ","          ","26927977","          ","서울특별시 양천구 신월동 236-12 2층","서울특별시 양천구 월정로 97 (신월동,2층)","07926","칭구칭구노래연습장","2025-10-18 13:39:45","I","2026-03-10 23:26:11","185733.378225862    ","447316.016709596    ","노래연습장업","유통관련업","5","유흥업소밀집지역","","142.000000000","4","1","근린생활시설","","","7","2","N","N","N","Y","N","N","","",""," ","","","","",""
"3140000","CDFF3242052005000010","2005-10-18","          ","01","영업/정상","13","영업중","          ","          ","          ","26919995","          ","서울특별시 양천구 신정동 947-1 지하1층","서울특별시 양천구 오목로 148 (신정동,지하1층)","08019","원노래연습장","2024-11-26 21:10:24","I","2026-03-10 23:26:18","187022.02884855     ","446935.775199941    ","노래연습장업","유통관련업","","","","92.000000000","","","","","","7","2","N","N","N","Y","N","N","","",""," ","","","","",""
"3140000","CDFF3242052005000011","2005-11-04","          ","01","영업/정상","13","영업중","          ","          ","          ","","          ","서울특별시 양천구 신월동 147-4 지층","서울특별시 양천구 남부순환로 356 (신월동,지층)","07910","팡팡노래연습장","2019-07-12 09:21:44","I","2026-03-10 23:26:26","184758.160681476    ","448125.693400012    ","노래연습장업","유통관련업","","","","75.900000000","","","","","","5","1","N","N","N","Y","N","N","","",""," ","","","","",""
"3140000","CDFF3242052005000012","2005-11-25","          ","01","영업/정상","13","영업중","          ","          ","          ","26083852","          ","서울특별시 양천구 신정동 922-3 지하1층","서울특별시 양천구 오목로 149 (신정동,지하1층)","07943","스타노래연습장","2023-07-06 13:39:37","I","2026-03-10 23:26:35","187017.215309788    ","446972.62828268     ","노래연습장업","유통관련업","","","","122.310000000","","","","","","10","2","N","N","N","Y","N","N","","",""," ","","","","",""
"3140000","CDFF3242052006000001","2006-01-24","          ","01","영업/정상","13","영업중","          ","          ","          ","","          ","서울특별시 양천구 목동 792-2 2층","서울특별시 양천구 등촌로 36 (목동,2층)","07965","와우노래연습장","2021-08-18 15:18:23","I","2026-03-10 23:26:55","187909.234777908    ","447892.939428942    ","노래연습장업","유통관련업","4","","","95.700000000","3","1","근린생활시설","","","5","0","N","N","N","","N","N","","",""," ","","","","",""
"3140000","CDFF3242052006000003","2006-05-02","2009-11-23","04","취소/말소/만료/정지/중지","31","등록취소","          ","          ","          ","","          ","서울특별시 양천구 신정동 977-16 지하1층","서울특별시 양천구 신월로 321  (신정동,지하1층)","     ","궁전노래연습장","2010-12-23 12:50:13","I","2026-03-10 23:27:09","187244.552928692    ","446626.599997855    ","노래연습장업","유통관련업","","","","149.900000000","","","","","","10","","N","N","N","","N","N","","",""," ","","","","",""
"3140000","CDFF3242052006000004","2006-05-26","          ","01","영업/정상","13","영업중","          ","          ","          ","","          ","서울특별시 양천구 신정동 992-4 지하1층","서울특별시 양천구 목동로21길 2 (신정동)","08022","라이브노래연습장","2025-10-13 09:18:36","I","2026-03-10 23:27:16","187871.439053585    ","447044.616939136    ","노래연습장업","유통관련업","","","","86.360000000","","1","","","","4","","N","Y","Y","","N","N","","",""," ","","","","",""
"3140000","CDFF3242052006000006","2006-07-28","          ","01","영업/정상","13","영업중","          ","          ","          ","26032660","          ","서울특별시 양천구 신정동 886-6 2층","서울특별시 양천구 신정중앙로 85  (신정동,2층)","07938","MUSE캐슬노래연습장","2011-07-07 10:49:21","I","2026-03-10 23:27:31","187676.924801216    ","447189.15395719     ","노래연습장업","유통관련업","6","","","311.000000000","4","2","근린생활시설","","","16","16","N","N","N","Y","N","N","","",""," ","","","","",""
"3140000","CDFF3242052006000007","2006-09-25","          ","01","영업/정상","13","영업중","          ","          ","          ","","          ","서울특별시 양천구 신정동 972-1","서울특별시 양천구 중앙로 288 (신정동)","08026","퓨전노래연습장","2015-06-08 12:32:52","I","2026-03-10 23:27:40","186877.753679539    ","446644.223112804    ","노래연습장업","유통관련업","3","기타","","82.150000000","2","1","근린생활시설","1","","5","3","N","Y","Y","Y","Y","Y","","",""," ","","","","",""
"3140000","CDFF3242052006000009","2006-10-16","          ","01","영업/정상","13","영업중","          ","          ","          ","","          ","서울특별시 양천구 목동 404-156 지하1층","서울특별시 양천구 신목로 102 (목동)","08007","팝콘노래연습장","2023-12-21 13:24:01","I","2026-03-10 23:28:01","188954.524397407    ","446824.338404844    ","노래연습장업","유통관련업","6","","","168.960000000","6","2","","","","7","","N","N","N","","N","N","","",""," ","","","","","일반주거지역"
"3140000","CDFF3242052006000010","2006-11-02","          ","01","영업/정상","13","영업중","          ","          ","          ","26435488","          ","서울특별시 양천구 목동 788-12 2층","서울특별시 양천구 목동중앙서로7가길 38 (목동,2층)","07965","신월노래연습장","2025-12-11 14:06:15","I","2026-03-10 23:28:07","187921.763711955    ","447932.347635339    ","노래연습장업","유통관련업","","","","174.760000000","","","","","","7","2","N","N","N","Y","N","N","","",""," ","","","","",""
"3140000","CDFF3242052007000001","2007-03-16","          ","01","영업/정상","13","영업중","          ","          ","          ","","          ","서울특별시 양천구 신월동 81-21 지층","서울특별시 양천구 가로공원로 119 (신월동,지층)","07905","테마노래연습장","2022-04-06 14:07:02","I","2026-03-10 23:28:15","184829.306182525    ","448254.981721699    ","노래연습장업","유통관련업","","","","159.250000000","","1","","","","8","","N","Y","Y","","Y","Y","","",""," ","","","","",""
"3140000","CDFF3242052007000007","2007-12-27","          ","01","영업/정상","13","영업중","          ","          ","          ","","          ","서울특별시 양천구 신월동 51-6 지층","서울특별시 양천구 화곡로4길 32 (신월동,지층)","07905","24시 노래연습장","2025-06-05 13:21:35","I","2026-03-10 23:29:18","184769.91352489     ","448285.067780211    ","노래연습장업","유통관련업","","","","258.530000000","","","","1","","11","2","N","N","N","Y","N","N","","",""," ","","","","",""
"3140000","CDFF3242052008000003","2008-07-22","2024-08-12","04","취소/말소/만료/정지/중지","31","등록취소","          ","          ","          ","","          ","서울특별시 양천구 목동 514-16 지하1층","서울특별시 양천구 목동중앙북로 95 (목동,지하1층)","07968","샛별 노래연습장","2024-08-19 16:30:52","I","2026-03-10 23:30:01","188783.842188025    ","449352.518036807    ","노래연습장업","유통관련업","","","","159.750000000","","","","","","7","2","N","N","N","Y","N","N","","",""," ","","","","",""
"3140000","CDFF3242052008000005","2008-08-01","          ","01","영업/정상","13","영업중","          ","          ","          ","26927773","          ","서울특별시 양천구 신정동 972-1 3층","서울특별시 양천구 중앙로 288 (신정동,3층)","08026","오디션노래연습장","2015-06-08 12:12:53","I","2026-03-10 23:30:16","186877.753679539    ","446644.223112804    ","노래연습장업","유통관련업","","","","82.150000000","","","","","","2","","N","N","N","","N","N","","",""," ","","","","",""
"3140000","CDFF3242052008000006","2008-08-04","          ","01","영업/정상","13","영업중","          ","          ","          ","","          ","서울특별시 양천구 신정동 904-1 지층","서울특별시 양천구 신정중앙로 78 (신정동,지층)","07945","은하수노래연습장","2022-12-09 15:34:53","I","2026-03-10 23:30:22","187579.321775134    ","447157.478261996    ","노래연습장업","유통관련업","","","","168.600000000","","","","","","7","","N","N","N","","N","N","","",""," ","","","","",""
"3140000","CDFF3242052009000003","2009-02-12","          ","01","영업/정상","13","영업중","          ","          ","          ","","          ","서울특별시 양천구 신정동 1190-2 지하1층","서울특별시 양천구 신월로 282 (신정동,지하1층)","08058","신타임노래연습장","2023-10-30 14:59:24","I","2026-03-10 23:30:47","186859.110927337    ","446544.827397374    ","노래연습장업","유통관련업","","","","81.250000000","","","","","","3","","Y","Y","N","","N","Y","","",""," ","","","","",""
"3140000","CDFF3242052009000005","2009-05-11","          ","01","영업/정상","13","영업중","          ","          ","          ","","          ","서울특별시 양천구 목동 404-129","서울특별시 양천구 신목로 100-2 (목동)","08007","M노래연습장","2017-03-13 09:12:11","I","2026-03-10 23:31:01","188934.63039779     ","446793.219225726    ","노래연습장업","유통관련업","","","","101.260000000","","","","","","6","0","","","","","","","","",""," ","","","","",""
"3140000","CDFF3242052009000007","2009-08-03","          ","01","영업/정상","13","영업중","          ","          ","          ","26052171","          ","서울특별시 양천구 신월동 97-2 지하1층","서울특별시 양천구 가로공원로 124 (신월동, 지하1층)","07917","수노래연습장","2024-07-08 09:43:23","I","2026-03-10 23:31:19","184889.633488774    ","448188.440409164    ","노래연습장업","유통관련업","","","","170.910000000","","","","","","7","3","","","","Y","","","","",""," ","","","","",""
"3140000","CDFF3242052009000008","2009-09-15","          ","01","영업/정상","13","영업중","          ","          ","          ","","          ","서울특별시 양천구 신정동 294-12 지하1층","서울특별시 양천구 목동동로10길 16 (신정동,지하1층)","08014","파티랑노래연습장","2026-03-17 10:57:25","I","2026-03-18 22:07:43","188572.74136395     ","446311.353646349    ","노래연습장업","유통관련업","","","","111.540000000","","","","","","5","1","","","","Y","","","","",""," ","","","","",""
"3140000","CDFF3242052009000006","2009-06-25","          ","01","영업/정상","13","영업중","          ","          ","          ","","          ","서울특별시 양천구 목동 513-27 지하1층","서울특별시 양천구 목동중앙북로 81 (목동,지하1층)","07968","멜로디노래연습장","2026-05-28 15:33:07","U","2026-05-29 03:03:03","188635.863269529    ","449373.174837415    ","노래연습장업","유통관련업","","","","144.430000000","","","","","","7","1","","","","Y","","","","",""," ","","","","",""
"3140000","CDFF3242052009000009","2009-09-23","          ","01","영업/정상","13","영업중","          ","          ","          ","","          ","서울특별시 양천구 신월동 133-1 지하1층","서울특별시 양천구 남부순환로59길 14 (신월동,지하1층)","07921","팝콘노래연습장","2023-12-26 09:09:22","I","2026-03-10 23:31:40","185139.532632571    ","447793.740873354    ","노래연습장업","유통관련업","","","","157.020000000","","","","","","8","1","","","","Y","","","","",""," ","","","","",""
"3140000","CDFF3242052009000010","2009-11-17","          ","01","영업/정상","13","영업중","          ","          ","          ","26616161","          ","서울특별시 양천구 신월동 147-3 2층","서울특별시 양천구 남부순환로 354 (신월동,2층)","07910","뉴서울노래연습장","2022-11-30 15:46:31","I","2026-03-10 23:31:56","184748.571712549    ","448142.580280567    ","노래연습장업","유통관련업","","","","184.620000000","","","","1","40","7","0","Y","Y","","","","Y","","",""," ","","","","",""
"3140000","CDFF3242052010000001","2010-03-08","          ","01","영업/정상","13","영업중","          ","          ","          ","","          ","서울특별시 양천구 신월동 116-13 지하1층","서울특별시 양천구 월정로 139 (신월동,지하1층)","07923","황제노래연습장","2024-12-24 15:43:07","I","2026-03-10 23:32:23","185557.868953914    ","447685.042390702    ","노래연습장업","유통관련업","","","","85.500000000","4","1","","","","5","2","Y","","","Y","","Y","","",""," ","","","","",""
"3140000","CDFF3242052010000005","2010-04-27","          ","01","영업/정상","13","영업중","          ","          ","          ","070-8920-3334","          ","서울특별시 양천구 신월동 88-31 지하1층","서울특별시 양천구 가로공원로 171 (신월동,지하1층)","07907","24시 노래연습장","2024-05-08 14:35:02","I","2026-03-10 23:33:22","185350.17572476     ","448334.133401473    ","노래연습장업","유통관련업","","","","97.020000000","","1","","","","6","2","","","","Y","","","","",""," ","","","","",""
"3140000","CDFF3242052010000006","2010-05-28","          ","01","영업/정상","13","영업중","          ","          ","          ","","          ","서울특별시 양천구 목동 917-9","서울특별시 양천구 목동동로 293 (목동)","07997","타워노래연습장","2016-04-08 18:31:55","I","2026-03-10 23:33:36","188953.066831076    ","447333.569187997    ","노래연습장업","유통관련업","","","","82.000000000","","","","","","3","","","","","","","","","",""," ","","","","",""
"3140000","CDFF3242052010000008","2010-07-09","          ","01","영업/정상","13","영업중","          ","          ","          ","","          ","서울특별시 양천구 신월동 544-9 지하2호","서울특별시 양천구 신월로 165 (신월동,지하2호)","08031","팽팽노래연습장","2021-01-11 20:22:48","I","2026-03-10 23:34:04","185943.889483219    ","446243.158506473    ","노래연습장업","유통관련업","","","","52.560000000","","","","","","2","","","","","","","","","",""," ","","","","",""
"3140000","CDFF3242052010000010","2010-09-20","          ","01","영업/정상","13","영업중","          ","          ","          ","","          ","서울특별시 양천구 신월동 81-3 2층","서울특별시 양천구 가로공원로 121 (신월동)","07905","올래노래연습장","2023-07-26 09:29:13","I","2026-03-10 23:34:33","184849.685333553    ","448255.971068103    ","노래연습장업","유통관련업","","","","185.880000000","","","","","","8","1","","","","Y","","","","",""," ","","","","",""
"3140000","CDFF3242052010000012","2010-10-19","          ","01","영업/정상","13","영업중","          ","          ","          ","","          ","서울특별시 양천구 신정동 972-7 지하1층(우측)","서울특별시 양천구 중앙로46길 2 (신정동,지하1층(우측))","08026","VIP노래연습장","2026-02-25 17:06:35","I","2026-03-10 23:35:06","186898.935538147    ","446649.870468859    ","노래연습장업","유통관련업","","","","76.850000000","","","","","","3","","","","","","","","","",""," ","","","","",""
"3140000","CDFF3242052010000014","2010-10-22","          ","01","영업/정상","13","영업중","          ","          ","          ","","          ","서울특별시 양천구 신정동 972-7 지하1층(좌측)","서울특별시 양천구 중앙로46길 2 (신정동,지하1층(좌측))","08026","귀빈노래연습장","2023-08-28 09:13:28","I","2026-03-10 23:35:34","186898.935538147    ","446649.870468859    ","노래연습장업","유통관련업","","","","69.630000000","","","","","","4","","","","","","","","","",""," ","","","","",""
"3140000","CDFF3242052010000015","2010-11-12","          ","01","영업/정상","13","영업중","          ","          ","          ","","          ","서울특별시 양천구 신정동 1032-8","서울특별시 양천구 중앙로 258, 지하1층 (신정동)","08082","애플노래연습장","2025-07-11 10:17:43","I","2026-03-10 23:35:45","186978.078745279    ","446367.670301835    ","노래연습장업","유통관련업","","","","124.460000000","","","","","","6","1","","","","Y","","","","",""," ","","","","",""
"3140000","CDFF3242052011000003","2011-06-22","          ","01","영업/정상","13","영업중","          ","          ","          ","","          ","서울특별시 양천구 신월동 575-1 지하1층","서울특별시 양천구 신월로 170 (신월동,지하1층)","08064","스타노래연습장","2024-09-09 19:50:44","I","2026-03-10 23:36:56","186007.943213494    ","446225.17755519     ","노래연습장업","유통관련업","","","","128.920000000","","","","","","6","1","","","","Y","","","","",""," ","","","","",""
"3140000","CDFF3242052011000004","2011-07-05","          ","01","영업/정상","13","영업중","          ","          ","          ","","          ","서울특별시 양천구 신월동 537-5 2층","서울특별시 양천구 신월로15길 8 (신월동,2층)","08030","정든노래연습장","2023-12-08 09:06:35","I","2026-03-10 23:37:09","185972.226069752    ","446335.561835551    ","노래연습장업","유통관련업","","","","105.780000000","","","","","","4","1","","","","Y","","","","",""," ","","","","",""
"3140000","CDFF3242052011000006","2011-12-09","          ","01","영업/정상","13","영업중","          ","          ","          ","","          ","서울특별시 양천구 신정동 902-3 목마빌딩 2층","서울특별시 양천구 신정중앙로 94 (신정동, 목마빌딩 2층)","07945","폭스노래연습장","2021-08-03 13:28:34","I","2026-03-10 23:37:37","187734.804380866    ","447125.503353306    ","노래연습장업","유통관련업","","","","147.850000000","","","","","","7","","","","","","","","","",""," ","","","","",""
"3140000","CDFF3242052012000001","2012-02-21","          ","01","영업/정상","13","영업중","          ","          ","          ","","          ","서울특별시 양천구 목동 609-24","서울특별시 양천구 목동중앙북로7가길 14 (목동)","07946","소리노래연습장","2025-12-11 13:57:34","I","2026-03-10 23:37:54","188146.288663161    ","449627.513654287    ","노래연습장업","유통관련업","","주택가주변","","110.320000000","","1","근린생활시설","","","4","","","","","","","","","",""," ","","","","","일반주거지역"
"3140000","CDFF3242052012000003","2012-05-10","          ","01","영업/정상","13","영업중","          ","          ","          ","","          ","서울특별시 양천구 신월동 544-4","서울특별시 양천구 신월로15길 1 (신월동)","08031","봉선화 노래연습장","2023-11-13 10:10:28","I","2026-03-10 23:38:29","185952.141787723    ","446293.944517244    ","노래연습장업","유통관련업","4","기타","","129.740000000","3","1","근린생활시설","","","5","1","","","","Y","","","","",""," ","","","","","근린상업지역"
"3140000","CDFF3242052012000004","2012-06-22","          ","01","영업/정상","13","영업중","          ","          ","          ","26907237","          ","서울특별시 양천구 신월동 236-7 2층","서울특별시 양천구 월정로17길 5 (신월동, 지상2층)","07926","스타트노래연습장","2025-06-24 09:12:56","I","2026-03-10 23:38:48","185689.129188216    ","447320.158293052    ","노래연습장업","유통관련업","2","기타","","78.660000000","2","","근린생활시설","","","5","1","","","","Y","","","","",""," ","","","","",""
"3140000","CDFF3242052012000006","2012-12-18","          ","01","영업/정상","13","영업중","          ","          ","          ","","          ","서울특별시 양천구 신정동 904-7 2층","서울특별시 양천구 신정중앙로 86 (신정동)","07945","컵앤팝 노래연습장","2026-03-30 16:54:18","U","2026-03-31 03:03:03","187649.968256171    ","447143.547238044    ","노래연습장업","유통관련업","8","기타","","134.930000000","7","1","근린생활시설","","","8","","","","","","","","","",""," ","","","","","일반주거지역"
"3140000","CDFF3242052013000001","2013-03-26","          ","01","영업/정상","13","영업중","          ","          ","          ","","          ","서울특별시 양천구 신정동 977-16 지하1층","서울특별시 양천구 신월로 321 (신정동)","08027","월드노래연습장","2025-05-21 14:21:15","I","2026-03-10 23:40:01","187244.552928692    ","446626.599997855    ","노래연습장업","유통관련업","4","기타","","198.350000000","3","1","근린생활시설","","","1","","","","","Y","","","","",""," ","","","","","일반주거지역"
"3140000","CDFF3242052013000005","2013-12-23","          ","01","영업/정상","13","영업중","          ","          ","          ","26469671","          ","서울특별시 양천구 목동 528-4","서울특별시 양천구 목동중앙북로 90 (목동)","07972","까치노래연습장","2025-12-11 13:48:03","I","2026-03-10 23:40:55","188713.2411405      ","449336.035930234    ","노래연습장업","유통관련업","","","","177.190000000","","1","","","","5","1","","","","Y","","","","",""," ","","","","",""
"3140000","CDFF3242052013000006","2013-12-26","          ","01","영업/정상","13","영업중","          ","          ","          ","","          ","서울특별시 양천구 신월동 971-5","서울특별시 양천구 지양로 62 (신월동)","08040","궁노래연습장","2017-12-29 17:19:19","I","2026-03-10 23:41:08","185292.847527141    ","446569.776371444    ","노래연습장업","유통관련업","","","","187.000000000","","1","","","","8","","","","","","","","","",""," ","","","","",""
"3140000","CDFF3242052013000007","2013-12-30","          ","01","영업/정상","13","영업중","          ","          ","          ","26435706","          ","서울특별시 양천구 목동 406-298","서울특별시 양천구 오목로 337-4 (목동)","07999","M노래연습장","2016-03-23 17:45:44","I","2026-03-10 23:41:28","188917.279056917    ","446965.052807711    ","노래연습장업","유통관련업","","","","109.420000000","","1","","","","1","","","","","","","","","",""," ","","","","",""
"3140000","CDFF3242052014000002","2014-12-22","          ","01","영업/정상","13","영업중","          ","          ","          ","","          ","서울특별시 양천구 신정동 1032-5","서울특별시 양천구 중앙로34길 15, 지하1층 (신정동)","08082","골드노래연습장","2025-11-10 17:11:05","I","2026-03-10 23:41:57","186994.628569316    ","446376.122572973    ","노래연습장업","유통관련업","","","","124.580000000","","","근린생활시설","","","5","2","Y","Y","","Y","","","","",""," ","","","","",""
"3140000","CDFF3242052015000001","2015-08-04","          ","01","영업/정상","13","영업중","          ","          ","          ","02-2608-4211","          ","서울특별시 양천구 신정동 888-44 지하1층","서울특별시 양천구 신정중앙로23길 7, 지하1층 (신정동)","07938","둥지노래연습장","2025-07-17 14:15:03","I","2026-03-10 23:42:15","187855.121963399    ","447197.927718963    ","노래연습장업","유통관련업","5","","","82.500000000","4","1","","","","5","","","","","","","","","",""," ","","","","",""
"3140000","CDFF3242052015000002","2015-12-01","          ","01","영업/정상","13","영업중","          ","          ","          ","","          ","서울특별시 양천구 신월동 537-8 2층","서울특별시 양천구 신월로 175, 2층 (신월동)","08030","더 큰 코인노래연습장","2024-12-13 16:36:17","I","2026-03-10 23:42:35","186009.348428578    ","446302.275471851    ","노래연습장업","유통관련업","","","","181.650000000","","","근린생활시설","","","13","10","","Y","","Y","","","","",""," ","","","","",""
"3140000","CDFF3242052015000003","2015-12-29","          ","01","영업/정상","13","영업중","          ","          ","          ","","          ","서울특별시 양천구 목동 406-296 보산빌딩 3,4층","서울특별시 양천구 오목로 337-2, 3,4층 (목동, 보산빌등)","07999","퀸스애비뉴노래연습장","2023-06-13 14:47:48","I","2026-03-10 23:43:00","188903.723792278    ","446967.465685277    ","노래연습장업","유통관련업","","","","216.300000000","","","","","","9","7","","","","Y","","","","",""," ","","","","",""
"3140000","CDFF3242052016000001","2016-02-18","          ","01","영업/정상","13","영업중","          ","          ","          ","","          ","서울특별시 양천구 신정동 1032-11 지하1층","서울특별시 양천구 중앙로 252, 지하1층 (신정동)","08082","슈퍼스타 코인노래연습장 신정점","2019-06-19 09:04:51","I","2026-03-10 23:43:18","186997.67916852     ","446326.146739326    ","노래연습장업","유통관련업","","","","134.880000000","","","","","","17","17","Y","Y","","Y","","","","",""," ","","","","",""
"3140000","CDFF3242052016000002","2016-03-15","          ","01","영업/정상","13","영업중","          ","          ","          ","","          ","서울특별시 양천구 신정동 886-6 로데오프라자 202호,203호","서울특별시 양천구 신정중앙로 85, 202,203호 (신정동, 로데오프라자)","07938","온돌식 로데오 노래연습장","2022-12-07 14:43:55","I","2026-03-10 23:43:40","187676.924801216    ","447189.15395719     ","노래연습장업","유통관련업","6","","","185.760000000","4","2","","","","10","0","","","","","","","","",""," ","","","","",""
"3140000","CDFF3242052016000004","2016-06-24","          ","01","영업/정상","13","영업중","          ","          ","          ","","          ","서울특별시 양천구 목동 907-14 지1층","서울특별시 양천구 목동동로 385, 지1층 (목동, 벽산미라지타워)","07983","세븐스타코인노래연습장 목동점","2024-06-26 17:20:36","I","2026-03-10 23:44:09","189280.689807363    ","448186.345367659    ","노래연습장업","유통관련업","","","","140.300000000","26","5","","","","15","15","","","","Y","","","","",""," ","","","","",""
"3140000","CDFF3242052016000007","2016-10-20","          ","01","영업/정상","13","영업중","          ","          ","          ","","          ","서울특별시 양천구 신정동 117-36","서울특별시 양천구 신목로 78-1, 2층 (신정동)","08009","룰루랄라 코인노래연습장","2016-10-20 15:49:05","I","2026-03-10 23:44:53","188821.548867612    ","446622.921656458    ","노래연습장업","유통관련업","","","","201.680000000","","","","","","20","11","","Y","","Y","","","","",""," ","","","","",""
"3140000","CDFF3242052016000008","2016-11-03","          ","01","영업/정상","13","영업중","          ","          ","          ","","          ","서울특별시 양천구 목동 907-23 현대파크빌 지1호","서울특별시 양천구 목동동로 391, 지1층 (목동, 현대파크빌)","07983","COINBOX동전노래연습장","2022-12-19 17:48:37","I","2026-03-10 23:45:07","189348.372526225    ","448186.414032098    ","노래연습장업","유통관련업","","","","129.150000000","","","근린생활시설","","","18","8","","","","Y","","","","",""," ","","","","",""
"3140000","CDFF3242052016000009","2016-11-11","          ","01","영업/정상","13","영업중","          ","          ","          ","02-2603-5565","          ","서울특별시 양천구 신월동 961-3","서울특별시 양천구 지양로 68, 2층 (신월동)","08039","잼존코인 노래연습장","2016-11-11 15:56:07","I","2026-03-10 23:45:24","185265.056239987    ","446627.90838124     ","노래연습장업","유통관련업","","","","186.030000000","2","","","","","14","9","","","","Y","","","","",""," ","","","","",""
"3140000","CDFF3242052016000010","2016-11-24","          ","01","영업/정상","13","영업중","          ","          ","          ","26035834","          ","서울특별시 양천구 신정동 887-12","서울특별시 양천구 신정중앙로 89, 2층 (신정동)","07938","M노래연습장","2023-10-30 15:27:09","I","2026-03-10 23:45:47","187718.540369774    ","447175.438286866    ","노래연습장업","유통관련업","","","","78.380000000","","","","","","4","","","","","","","","","",""," ","","","","",""
"3140000","CDFF3242052016000011","2016-12-08","          ","01","영업/정상","13","영업중","          ","          ","          ","","          ","서울특별시 양천구 목동 606-9 202호","서울특별시 양천구 목동중앙북로7가길 60, 202호 (목동)","07946","뮤노래연습장","2023-02-24 15:24:36","I","2026-03-10 23:46:06","187954.571823191    ","449783.451870726    ","노래연습장업","유통관련업","5","","","158.400000000","","","","","","10","1","","","","Y","","","","",""," ","","","","",""
"3140000","CDFF3242052016000012","2016-12-15","          ","01","영업/정상","13","영업중","          ","          ","          ","","          ","서울특별시 양천구 신정동 905-5 지1호","서울특별시 양천구 신정중앙로 76, 지1층 (신정동)","07945","연노래연습장","2016-12-15 16:28:58","I","2026-03-10 23:46:28","187554.640287583    ","447159.948509659    ","노래연습장업","유통관련업","","","","175.920000000","","","","","","6","","","","","","","","","",""," ","","","","",""
"3140000","CDFF3242052016000013","2016-12-21","          ","01","영업/정상","13","영업중","          ","          ","          ","","          ","서울특별시 양천구 신정동 922-10","서울특별시 양천구 오목로 151, 지층 (신정동)","07943","잇츠코인 노래연습장","2020-06-11 13:16:41","I","2026-03-10 23:46:54","187035.979520866    ","446975.827944731    ","노래연습장업","유통관련업","","","","97.190000000","","","","","","14","4","","Y","","Y","","","","",""," ","","","","",""
"3140000","CDFF3242052016000014","2016-12-23","          ","01","영업/정상","13","영업중","          ","          ","          ","","          ","서울특별시 양천구 신정동 323-10 202호","서울특별시 양천구 목동동로 65, 202호 (신정동, 센타프라자)","08093","슈퍼스타 코인노래연습장(목동점)","2020-12-31 09:42:27","I","2026-03-10 23:47:24","187748.887273814    ","445935.780018413    ","노래연습장업","유통관련업","","","","133.200000000","","","","","","19","19","","Y","","Y","","","","",""," ","","","","",""
"3140000","CDFF3242052017000001","2017-01-17","          ","01","영업/정상","13","영업중","          ","          ","          ","","          ","서울특별시 양천구 목동 606-18 지하1층","서울특별시 양천구 등촌로 236, 지하1층 (목동)","07946","럭키스타코인노래연습장","2024-05-17 16:51:58","I","2026-03-10 23:47:49","187945.843696609    ","449821.719712552    ","노래연습장업","유통관련업","","","","163.640000000","","","","","","18","18","","","","Y","","","","",""," ","","","","",""
"3140000","CDFF3242052017000002","2017-02-14","          ","01","영업/정상","13","영업중","          ","          ","          ","","          ","서울특별시 양천구 목동 905-22 목동트윈빌 125호","서울특별시 양천구 목동동로 339, 지하1층 125호 (목동, 목동트윈빌)","07988","판타스틱동전노래연습장","2023-09-20 09:06:23","I","2026-03-10 23:48:09","189042.496526196    ","447777.835760268    ","노래연습장업","유통관련업","","","","103.810000000","","","","","","16","16","","","","Y","","","","",""," ","","","","",""
"3140000","CDFF3242052017000003","2017-04-05","          ","01","영업/정상","13","영업중","          ","          ","          ","","          ","서울특별시 양천구 신정동 899-5","서울특별시 양천구 목동로 219, 지하층 (신정동)","07937","로데오 코인 노래연습장","2026-04-07 14:40:25","U","2026-04-08 03:03:03","187892.354708086    ","447311.563663095    ","노래연습장업","유통관련업","","","","137.850000000","","","","","","20","20","","","","Y","","","","",""," ","","","","",""
"3140000","CDFF3242052017000004","2017-04-06","          ","01","영업/정상","13","영업중","          ","          ","          ","","          ","서울특별시 양천구 신월동 147-5","서울특별시 양천구 남부순환로40길 2 (신월동)","07910","꾀꼬리코인노래연습장","2022-12-23 12:51:38","I","2026-03-10 23:48:57","184744.145179779    ","448116.656426516    ","노래연습장업","유통관련업","","","","98.000000000","","","","","","15","15","","","","Y","","","","",""," ","","","","",""
"3140000","CDFF3242052017000005","2017-04-26","          ","01","영업/정상","13","영업중","          ","          ","          ","","          ","서울특별시 양천구 목동 406-22 2층","서울특별시 양천구 오목로 333, 2층 (목동)","07999","PLAY코인노래연습장","2017-04-26 17:24:22","I","2026-03-10 23:49:23","188851.726337894    ","446963.292684463    ","노래연습장업","유통관련업","","","","80.840000000","","","","","","14","14","","","","Y","","","","",""," ","","","","",""
"3140000","CDFF3242052017000006","2017-05-23","          ","01","영업/정상","13","영업중","          ","          ","          ","","          ","서울특별시 양천구 신월동 550-3","서울특별시 양천구 신월로 164, 2층 (신월동, 승일뷰티타워2)","08064","코인박스 동전노래연습장 신월점","2019-07-04 09:46:01","I","2026-03-10 23:49:49","185962.809546697    ","446176.170952681    ","노래연습장업","유통관련업","","","","113.370000000","","","","","","21","21","","","","Y","","","","",""," ","","","","",""
"3140000","CDFF3242052017000007","2017-09-18","          ","01","영업/정상","13","영업중","          ","          ","          ","","          ","서울특별시 양천구 신정동 1183-7","서울특별시 양천구 중앙로 263, 2층 (신정동)","08073","팝스타코인노래연습장","2024-03-27 13:32:07","I","2026-03-10 23:50:17","186911.978387526    ","446400.67233146     ","노래연습장업","유통관련업","","","","157.500000000","","","","","","20","20","","","","Y","","","","",""," ","","","","",""
"3140000","CDFF3242052017000008","2017-11-01","          ","01","영업/정상","13","영업중","          ","          ","          ","","          ","서울특별시 양천구 신정동 203-12","서울특별시 양천구 목동남로 48, 지하층 (신정동)","08101","짬짬이코인노래연습장","2025-08-19 16:19:28","I","2026-03-10 23:50:49","187991.290603438    ","445191.39723995     ","노래연습장업","유통관련업","","","","142.800000000","","","","","","21","21","","Y","","Y","","","","",""," ","","","","",""
"3140000","CDFF3242052018000004","2018-08-31","          ","01","영업/정상","13","영업중","          ","          ","          ","","          ","서울특별시 양천구 목동 406-34","서울특별시 양천구 오목로 339, 지하1층 (목동)","07999","엔젤스코인노래연습장 오목교역점","2020-05-18 17:42:21","I","2026-03-10 23:52:42","188907.562663679    ","446953.513912411    ","노래연습장업","유통관련업","","","","172.000000000","","","","","","21","21","","","","Y","","","","",""," ","","","","",""
"3140000","CDFF3242052019000001","2019-08-02","          ","01","영업/정상","13","영업중","          ","          ","          ","","          ","서울특별시 양천구 목동 602-11","서울특별시 양천구 목동중앙북로7길 6, 3층 (목동)","07947","에코인노래연습장","2025-12-11 14:03:05","I","2026-03-10 23:53:11","188199.916989651    ","449566.122363943    ","노래연습장업","유통관련업","","","","103.600000000","","","","","","14","14","","","","Y","","","","",""," ","","","","",""
"3140000","CDFF3242052022000001","2022-06-23","          ","01","영업/정상","13","영업중","          ","          ","          ","","          ","서울특별시 양천구 신월동 444-22 지하1층","서울특별시 양천구 월정로 33, 지하1층 (신월동)","07930","쎄븐노래연습장","2024-04-18 14:04:01","I","2026-03-10 23:53:39","186017.905175899    ","446733.286497942    ","노래연습장업","유통관련업","","","","78.350000000","","","","","","3","0","","","Y","","Y","","","",""," ","","","","",""
"3140000","CDFF3242052022000002","2022-11-23","          ","01","영업/정상","13","영업중","          ","          ","          ","","          ","서울특별시 양천구 목동 610-23 자성빌딩","서울특별시 양천구 목동중앙북로 19-1, 자성빌딩 2층 (목동)","07946","잭슨코인노래연습장","2022-11-23 13:16:00","I","2026-03-10 23:54:03","188080.178399949    ","449596.304559134    ","노래연습장업","유통관련업","","","","213.600000000","","","","","","21","5","","","","Y","","","","",""," ","","","","",""
"3140000","CDFF3242052023000001","2023-02-10","          ","01","영업/정상","13","영업중","          ","          ","          ","","          ","서울특별시 양천구 신정동 887-9 202호","서울특별시 양천구 신정중앙로 93, 202호 (신정동)","07938","엔젤스코인노래연습장 목동역점","2023-02-10 09:21:26","I","2026-03-10 23:54:31","187752.826299246    ","447168.914215234    ","노래연습장업","유통관련업","","","","196.000000000","","","","","","25","25","","","","Y","","","","",""," ","","","","",""
"3140000","CDFF3242052023000002","2023-07-05","          ","01","영업/정상","13","영업중","          ","          ","          ","","          ","서울특별시 양천구 목동 917-6 중소기업유통센터(행복한백화점)","서울특별시 양천구 목동동로 309, 중소기업유통센터(행복한백화점) 6층 (목동)","07997","메가박스 중앙(주)목동지점 퍼니벌스","2024-09-23 16:06:10","I","2026-03-10 23:54:58","188977.171050288    ","447466.355031447    ","노래연습장업","유통관련업","","","","271.230000000","","","","","","5","5","","","","Y","","","","",""," ","","","","",""
"3140000","CDFF3242052025000001","2025-11-07","          ","01","영업/정상","13","영업중","          ","          ","          ","","          ","서울특별시 양천구 신월동 223-1","서울특별시 양천구 남부순환로 431, 2층 (신월동)","07924","서서울노래연습장","2026-01-13 11:35:43","I","2026-03-10 23:55:42","185170.791174761    ","447484.801871723    ","노래연습장업","유통관련업","","","","98.700000000","","","","","","5","","","Y","","","","Y","","",""," ","","","","",""
"3140000","CDFF3242051992000007","1992-10-30","          ","01","영업/정상","13","영업중","          ","          ","          ","","          ","서울특별시 양천구 목동 613-2","서울특별시 양천구 등촌로 220 (목동)","07946","골드노래연습장","2025-12-17 16:08:09","I","2026-03-10 22:53:14","187916.254332614    ","449683.219205227    ","노래연습장업","유통관련업","","","","92.560000000","","","","","","4","1","N","N","N","Y","N","N","","",""," ","","","","","주거지역"
"3140000","CDFF3242051993000001","1993-08-30","          ","01","영업/정상","13","영업중","          ","          ","          ","","          ","서울특별시 양천구 목동 794-3 지하1층","서울특별시 양천구 목동중앙서로 10 (목동,지하1층)","07966","메들리노래연습장","2016-11-11 20:45:43","I","2026-03-10 22:53:26","187985.199511528    ","447804.858203571    ","노래연습장업","유통관련업","","","","82.500000000","","","","","","4","1","N","N","N","Y","N","N","","",""," ","","","","","주거지역"
"3140000","CDFF3242051993000002","1993-09-01","          ","01","영업/정상","13","영업중","          ","          ","          ","","          ","서울특별시 양천구 목동 514-1 지하1층","서울특별시 양천구 공항대로 620 (목동,지하1층)","07968","찬찬찬노래연습장","2020-01-29 10:58:22","I","2026-03-10 22:53:30","188780.516711776    ","449375.975876165    ","노래연습장업","유통관련업","","","","99.170000000","","","","","","1","","N","N","N","","N","N","","",""," ","","","","",""
"3140000","CDFF3242051993000003","1993-09-01","          ","01","영업/정상","13","영업중","          ","          ","          ","","          ","서울특별시 양천구 신정동 888-36 2층","서울특별시 양천구 신정중앙로 99 (신정동,2층)","07938","환상노래연습장","2025-06-23 14:21:21","I","2026-03-10 22:53:34","187813.409124106    ","447152.313696555    ","노래연습장업","유통관련업","","","","99.450000000","","","","","","6","0","N","N","N","","N","N","","",""," ","","","","",""
"3140000","CDFF3242051993000010","1993-09-14","          ","01","영업/정상","13","영업중","          ","          ","          ","","          ","서울특별시 양천구 신월동 111-36 지하1층","서울특별시 양천구 월정로29길 17 (신월동,지하1층)","07922","신월노래연습장","2025-07-25 09:46:17","I","2026-03-10 22:54:06","185283.854183208    ","447860.244952632    ","노래연습장업","유통관련업","","","","138.870000000","","","","","","5","","N","N","N","","N","N","","",""," ","","","","",""
"3140000","CDFF3242051993000011","1993-09-14","          ","01","영업/정상","13","영업중","          ","          ","          ","","          ","서울특별시 양천구 신월동 54-2 지하1층","서울특별시 양천구 화곡로 54 (신월동)","07904","탑노래연습장","2023-09-20 09:55:42","I","2026-03-10 22:54:11","184714.712316046    ","448557.629961595    ","노래연습장업","유통관련업","","","","118.800000000","","","","","","5","1","N","N","N","Y","N","N","","",""," ","","","","",""
"3140000","CDFF3242051993000012","1993-09-23","          ","01","영업/정상","13","영업중","          ","          ","          ","","          ","서울특별시 양천구 신월동 166-4 2층","서울특별시 양천구 남부순환로 358 (신월동,2층)","07910","짱노래연습장","2025-10-18 13:38:50","I","2026-03-10 22:54:16","184773.372180974    ","448101.585239722    ","노래연습장업","유통관련업","","","","82.640000000","","","","83","","5","2","N","Y","N","Y","N","N","","",""," ","","","","",""
"3140000","CDFF3242051993000013","1993-09-23","          ","01","영업/정상","13","영업중","          ","          ","          ","","          ","서울특별시 양천구 신월동 601-5","서울특별시 양천구 신월로 192 (신월동)","08064","탈렌트노래연습장","2016-10-06 09:24:53","I","2026-03-10 22:54:21","186164.148603771    ","446381.779786276    ","노래연습장업","유통관련업","","","","115.700000000","","","근린생활시설","","","6","1","Y","Y","N","Y","N","N","","",""," ","","","","",""
"3140000","CDFF3242051993000014","1993-09-23","          ","01","영업/정상","13","영업중","          ","          ","          ","","          ","서울특별시 양천구 신월동 951-8 지하1층","서울특별시 양천구 지양로7길 1 (신월동,지하1층)","08038","차차차노래연습장","2024-12-24 15:08:26","I","2026-03-10 22:54:26","185208.092357608    ","446633.179592578    ","노래연습장업","유통관련업","","","","125.990000000","","1","","","","9","6","N","N","N","Y","N","N","","",""," ","","","","",""
"3140000","CDFF3242051993000016","1993-10-06","          ","01","영업/정상","13","영업중","          ","          ","          ","","          ","서울특별시 양천구 신월동 116-25 지하1층","서울특별시 양천구 곰달래로13길 6 (신월동,지하1층)","07923","행운노래연습장","2021-01-11 20:01:14","I","2026-03-10 22:54:35","185564.088710547    ","447592.632436479    ","노래연습장업","유통관련업","","","","76.030000000","","","","","","8","3","N","N","N","Y","N","N","","",""," ","","","","",""
"3140000","CDFF3242051993000019","1993-10-12","          ","01","영업/정상","13","영업중","          ","          ","          ","26961142","          ","서울특별시 양천구 신월동 49-10 지하1층","서울특별시 양천구 가로공원로 105 (신월동)","07909","황제노래연습장","2020-03-31 11:02:17","I","2026-03-10 22:54:50","184698.083646784    ","448206.385453779    ","노래연습장업","유통관련업","","주택가주변","","148.500000000","","","근린생활시설","","","11","7","Y","Y","Y","Y","Y","Y","","",""," ","","","","","주거지역"
"3140000","CDFF3242051993000020","1993-10-12","          ","01","영업/정상","13","영업중","          ","          ","          ","26492886","          ","서울특별시 양천구 목동 405-308 지하1층","서울특별시 양천구 목동동로12길 25 (목동,지하1층)","08006","파티파티 노래연습장","2021-01-11 20:01:58","I","2026-03-10 22:54:54","188816.523999843    ","446743.56422638     ","노래연습장업","유통관련업","","","","105.780000000","","","근린생활시설","","","7","6","N","N","N","Y","N","N","","",""," ","","","","",""
"3140000","CDFF3242051993000023","1993-11-11","          ","01","영업/정상","13","영업중","          ","          ","          ","","          ","서울특별시 양천구 신정동 1031-5 지하1층","서울특별시 양천구 중앙로 268-1 (신정동)","08082","소양강노래연습장","2026-04-01 18:09:44","U","2026-04-02 03:03:03","186950.021615568    ","446466.348792584    ","노래연습장업","유통관련업","","","","82.640000000","","","","","","6","2","N","N","N","Y","N","N","","",""," ","","","","",""
"3140000","CDFF3242051993000025","1993-12-02","          ","01","영업/정상","13","영업중","          ","          ","          ","","          ","서울특별시 양천구 신정동 1031-15 지층","서울특별시 양천구 중앙로34길 21-1, 지층 (신정동)","08082","뮤직노래연습장","2023-11-02 09:05:31","I","2026-03-10 22:55:20","186993.865972576    ","446449.831043914    ","노래연습장업","유통관련업","","","","89.640000000","","","","","","6","1","N","N","N","Y","N","N","","",""," ","","","","",""
"3140000","CDFF3242051993000029","1993-12-02","          ","01","영업/정상","13","영업중","          ","          ","          ","26048206","          ","서울특별시 양천구 신정동 969-18 지하1층","서울특별시 양천구 중앙로46길 7 (신정동,지하1층)","08026","로또노래연습장","2024-02-28 09:07:22","I","2026-03-10 22:55:39","186932.152757812    ","446675.723646373    ","노래연습장업","유통관련업","","","","62.560000000","","","","","","5","","N","N","N","","N","N","","",""," ","","","","",""
"3140000","CDFF3242051993000037","1993-12-29","          ","01","영업/정상","13","영업중","          ","          ","          ","","          ","서울특별시 양천구 신정동 900-1 지하1층","서울특별시 양천구 목동로25길 1 (신정동,지하1층)","07938","짱노래연습장","2025-09-30 13:33:52","I","2026-03-10 22:56:16","187868.366729304    ","447270.323400549    ","노래연습장업","유통관련업","","","","156.800000000","","","","","","7","2","N","N","N","Y","N","N","","",""," ","","","","",""
"3140000","CDFF3242051994000004","1994-02-23","          ","01","영업/정상","13","영업중","          ","          ","          ","26420379","          ","서울특별시 양천구 목동 497-1 지하1층","서울특별시 양천구 목동중앙본로 109 (목동, 지하1층)","07948","대박노래연습장","2024-05-21 16:43:42","I","2026-03-10 22:56:44","188523.453004186    ","449244.583026507    ","노래연습장업","유통관련업","","","","78.750000000","","","","","","6","","N","N","N","","N","N","","",""," ","","","","",""
"3140000","CDFF3242051994000006","1994-02-23","          ","01","영업/정상","13","영업중","          ","          ","          ","26429889","          ","서울특별시 양천구 목동 513-14 지하1층","서울특별시 양천구 목동중앙북로 93 (목동,지하1층)","07968","아리랑노래연습장","2026-02-07 16:23:01","I","2026-03-10 22:56:51","188754.408364202    ","449351.896354445    ","노래연습장업","유통관련업","","","","95.850000000","","","","","","4","","N","N","N","","N","N","","",""," ","","","","",""
"3140000","CDFF3242052002000048","2002-06-20","          ","01","영업/정상","13","영업중","          ","          ","          ","","          ","서울특별시 양천구 신정동 971-13 지하1층","서울특별시 양천구 중앙로46길 3 (신정동)","08026","써니노래연습장","2026-05-06 10:17:33","U","2026-05-07 03:03:03","186895.065104423    ","446671.858526808    ","노래연습장업","유통관련업","4","기타","","145.660000000","","1","근린생활시설","","","8","4","N","N","N","Y","N","N","","",""," ","","","","",""
"3140000","CDFF3242052002000080","2002-07-12","          ","03","폐업","03","폐업","2026-05-19","          ","          ","26080355","          ","서울특별시 양천구 신정동 1183-10 지하1층","서울특별시 양천구 중앙로 259 (신정동,지하1층)","08073","파티파티노래연습장","2026-05-19 16:16:38","U","2026-05-20 03:03:03","186925.066109356    ","446362.940534722    ","노래연습장업","유통관련업","","","","196.360000000","","","","","","11","6","N","N","N","Y","N","N","","",""," ","","","","",""
"3140000","CDFF3242051993000030","1993-12-02","          ","04","취소/말소/만료/정지/중지","35","직권말소","2022-07-11","          ","          ","26447438","          ","서울특별시 양천구 목동 406-35 지하1층","서울특별시 양천구 오목로 319 (목동,지하1층)","08000","팡팡노래연습장","2022-08-04 10:15:41","I","2026-03-10 22:55:43","188710.589967913    ","446990.286759651    ","노래연습장업","유통관련업","","","","128.920000000","","","근린생활시설","","","7","5","N","N","N","Y","N","N","","",""," ","","","","",""
"3140000","CDFF3242052001000025","2001-06-26","          ","04","취소/말소/만료/정지/중지","35","직권말소","2008-12-23","          ","          ","63477598","158-860   ","서울특별시 양천구 신정동 973-30","서울특별시 양천구 신월로 301  (신정동)","     ","평양노래연습장","2009-01-13 11:56:26","I","2026-03-10 23:06:14","187061.011280709    ","446602.905581004    ","노래연습장업","유통관련업","","","","138.840000000","","","","","","10","3","N","N","N","Y","N","N","","",""," ","","","","",""
"3140000","CDFF3242052002000033","2002-05-14","          ","04","취소/말소/만료/정지/중지","35","직권말소","2009-04-01","          ","          ","26931162","158-824   ","서울특별시 양천구 신월동 53-2","서울특별시 양천구 화곡로4길 2  (신월동)","     ","로맨스노래연습장","2009-04-16 09:37:18","I","2026-03-10 23:11:54","184631.002540554    ","448544.484915314    ","노래연습장업","유통관련업","","기타","","132.230000000","","","근린생활시설","","","11","","N","N","N","","N","N","","",""," ","","","","",""
"3140000","CDFF3242052002000066","2002-09-02","          ","04","취소/말소/만료/정지/중지","35","직권말소","2022-07-11","          ","          ","26937788","          ","서울특별시 양천구 신정동 899-4 지하1층","서울특별시 양천구 목동로25길 2 (신정동,지하1층)","07937","애플노래연습장","2022-08-04 10:17:57","I","2026-03-10 23:15:12","187869.778713381    ","447315.693327996    ","노래연습장업","유통관련업","4","기타","","162.910000000","","1","근린생활시설","","","9","2","N","N","N","Y","N","N","","",""," ","","","","",""
"3140000","CDFF3242052003000016","2003-10-28","          ","04","취소/말소/만료/정지/중지","35","직권말소","2022-07-11","          ","          ","26058338","          ","서울특별시 양천구 신월동 558-7 삼성상가 201호","서울특별시 양천구 신월로10길 16, 201호 (신월동, 삼성상가)","08065","앵두노래연습장","2022-08-04 10:19:01","I","2026-03-10 23:20:13","185843.320646005    ","445974.128928464    ","노래연습장업","유통관련업","8","주택가주변","","116.000000000","2","","근린생활시설","","","5","","N","N","","","N","N","","",""," ","","","","","일반주거지역"
"3140000","CDFF3242052009000002","2009-01-29","          ","04","취소/말소/만료/정지/중지","35","직권말소","2013-07-12","          ","          ","","          ","서울특별시 양천구 신월동 994-15 지하1층","서울특별시 양천구 남부순환로 576  (신월동,지하1층)","     ","애니콜노래연습장","2013-07-12 14:18:51","I","2026-03-10 23:30:38","185686.224314885    ","446146.409161866    ","노래연습장업","유통관련업","","","","136.710000000","","","","","","5","0","N","N","N","","N","N","","",""," ","","","","",""
"3140000","CDFF3242052010000004","2010-04-21","          ","04","취소/말소/만료/정지/중지","35","직권말소","2022-07-11","          ","          ","","          ","서울특별시 양천구 신월동 50-5 2.3.4층","서울특별시 양천구 남부순환로 347 (신월동,2.3.4층)","07905","앤노래연습장신월점","2022-08-04 10:13:28","I","2026-03-10 23:33:06","184767.729553942    ","448229.826991046    ","노래연습장업","유통관련업","","","","359.280000000","","","","","","17","14","","","","Y","","","","",""," ","","","","",""
"3140000","CDFF3242052012000002","2012-03-12","          ","04","취소/말소/만료/정지/중지","35","직권말소","2022-07-11","          ","          ","","          ","서울특별시 양천구 목동 603-2 대우마이빌 지하1층","서울특별시 양천구 공항대로 552 (목동)","07946","수 노래연습장","2022-08-04 09:54:23","I","2026-03-10 23:38:09","188169.180124964    ","449701.802558519    ","노래연습장업","유통관련업","14","기타","","350.000000000","10","4","근린생활시설","","","10","2","","","","Y","","","","",""," ","","","","","일반주거지역"
"3140000","CDFF3242052013000004","2013-12-02","          ","04","취소/말소/만료/정지/중지","35","직권말소","2022-07-11","          ","          ","","          ","서울특별시 양천구 목동 404-156 대경플라자 지하1층 B101호","서울특별시 양천구 신목로 102 (목동, 대경플라지 지하1층 B101호)","08007","힐링 노래연습장","2022-08-04 10:14:35","I","2026-03-10 23:40:41","188954.524397407    ","446824.338404844    ","노래연습장업","유통관련업","","","","100.500000000","","","","","","1","","","","","Y","","","","",""," ","","","","",""
"3140000","CDFF3242052018000003","2018-07-27","          ","04","취소/말소/만료/정지/중지","35","직권말소","2022-07-11","          ","          ","","          ","서울특별시 양천구 목동 404-137","서울특별시 양천구 신목로 98, 4층 (목동)","08007","세븐스타코인노래연습장 오목교역점","2022-08-04 09:48:26","I","2026-03-10 23:52:18","188919.01389015     ","446786.559111612    ","노래연습장업","유통관련업","","","","160.980000000","","","근린생활시설","","","17","17","","","","Y","","","","",""," ","","","","",""
"3140000","CDFF3242052024000001","2024-02-19","          ","04","취소/말소/만료/정지/중지","35","직권말소","2025-10-16","          ","          ","","          ","서울특별시 양천구 신월동 601-1","서울특별시 양천구 신월로 184, 2층 (신월동)","08064","댄싱스타노래연습장","2025-11-06 18:38:21","I","2026-03-10 23:55:13","186108.740932816    ","446322.792692056    ","노래연습장업","유통관련업","","","","163.800000000","","","","","","5","5","Y","Y","Y","Y","Y","Y","","",""," ","","","","",""
"3140000","CDFF3242052016000003","2016-05-20","          ","01","영업/정상","13","영업중","          ","          ","          ","","          ","서울특별시 양천구 신월동 110-18","서울특별시 양천구 곰달래로5길 26 (신월동)","07922","열정 노래연습장","2026-04-13 10:35:04","U","2026-04-14 03:03:03","185231.4166243      ","447755.474678175    ","노래연습장업","유통관련업","","","","80.180000000","","","","","","5","1","Y","Y","Y","Y","","","","",""," ","","","","",""
"3140000","CDFF3242052003000025","2003-12-22","          ","01","영업/정상","13","영업중","          ","          ","          ","26522840","          ","서울특별시 양천구 목동 655-24 지하1층","서울특별시 양천구 등촌로 178 (목동,지하1층)","07951","카라 노래연습장","2026-04-14 17:53:00","U","2026-04-15 03:03:03","187795.538721481    ","449256.754305956    ","노래연습장업","유통관련업","5","아파트지역","","168.690000000","4","1","근린생활시설","","","6","3","N","N","N","Y","N","N","","",""," ","","","","","일반주거지역"
"3140000","CDFF3242051993000005","1993-09-06","          ","01","영업/정상","13","영업중","          ","          ","          ","","          ","서울특별시 양천구 신정동 1019-2","서울특별시 양천구 은행정로 16 (신정동)","08087","스타노래연습장","2026-04-20 14:32:00","U","2026-04-21 03:03:03","187549.486438715    ","446549.514287337    ","노래연습장업","유통관련업","","","","93.000000000","","","","","","6","1","N","N","N","Y","N","N","","",""," ","","","","",""
"3140000","CDFF3242051994000020","1994-09-07","          ","03","폐업","03","폐업","2026-05-04","          ","          ","26545583","          ","서울특별시 양천구 목동 805-4 지하1층","서울특별시 양천구 목동중앙서로6길 20-29 (목동)","07966","와와노래연습장","2026-05-07 16:49:30","U","2026-05-08 03:03:03","187940.887593013    ","447703.040277028    ","노래연습장업","유통관련업","","","","95.860000000","","","근린생활시설","","","4","","N","N","N","","N","N","","",""," ","","","","",""